Lab_ID,Sample_ID,Site,System_ID,SYSTEM,DEPT,depth_cm,Soil_classification,Soil_classification2,Corg_clay_ratio,CLAY_percent,SILT_percent,SAND_percent,pH,EC,Canorg,Corg,Ntot,Corg_stocks_kg_m2,Ntot_stocks_kg_m2,soilCN_ratio,DOC,DOC_stocks_g_m2,DOC_Corg_ratio,Agg,CEC,Al_Dithionite,Mn_Dithionite,Fe_Dithionite,Al_Oxalate,Mn_Oxalate,Fe_Oxalate,Oxalate_Oxides,Dithionite_Oxides,bulk_density,Fe_Di_div_Fe_Ox,Corg_stocks_kg_m2_cm,Ntot_stocks_kg_m2_cm,DOC_stocks_g_m2_cm,Log_Corg_stocks_kg_m2,Log_DOC_stocks_g_m2,Log_Ntot_stocks_kg_m2,Log_Corg_clay_ratio,Log_EC,Log_Agg,Soil_classification_num,Log_Corg_stocks_kg_m2_cm,Log_Ntot_stocks_kg_m2_cm,Log_DOC_stocks_g_m2_cm
1015,Au2_St_1 pool,Au2,Standard,2,1,5.00,Moderate,Coarse,0.107362,11.885,19.307,68.807,6.808,44.800,0.000,1.276,0.093,0.983,0.072,13.72,295.672,22.767,0.023170,0.463,57.065,452.873,226.576,5140.637,621.553,292.956,1608.862,2230.415,5593.510,1.540,3.195,0.197,0.014,4.553,-0.007,1.357,-1.143,-0.969,1.651,-0.334,1.00,-0.71,-1.84,0.66
1033,Burg2_St_1 pool,Burg2,Standard,2,1,5.00,Moderate,Coarse,0.101722,11.325,22.076,66.599,6.924,58.000,0.000,1.152,0.075,0.870,0.057,15.36,155.718,11.757,0.013520,0.420,69.015,384.025,504.616,4862.489,575.196,290.710,2391.692,2966.888,5246.514,1.510,2.033,0.174,0.011,2.351,-0.060,1.070,-1.244,-0.993,1.763,-0.377,1.00,-0.76,-1.95,0.37
1069,Lack1_St_1 pool,Lack1,Standard,2,1,5.00,Moderate,Coarse,0.100490,8.359,29.260,62.381,6.267,32.300,0.000,0.840,0.050,0.550,0.033,16.80,224.065,14.676,0.026670,0.609,16.095,538.139,413.394,3381.392,662.201,510.108,1475.794,2137.995,3919.531,1.310,2.291,0.110,0.007,2.935,-0.260,1.167,-1.481,-0.998,1.509,-0.215,1.00,-0.96,-2.18,0.47
1087,Man1_St_1 pool,Man1,Standard,2,1,5.00,Moderate,Coarse,0.079264,19.681,27.279,53.040,7.288,56.600,0.450,1.560,0.150,1.108,0.107,10.40,157.259,11.165,0.010080,0.428,131.709,600.584,449.101,7869.638,858.032,607.016,2165.363,3023.395,8470.222,1.420,3.634,0.222,0.021,2.233,0.045,1.048,-0.971,-1.101,1.753,-0.369,1.00,-0.65,-1.67,0.35
1168,Ther_St_1 pool,Ther,Standard,2,1,5.00,Moderate,Coarse,0.236561,18.473,22.371,59.156,7.755,112.100,6.444,4.370,0.480,2.600,0.286,9.10,174.195,10.365,0.003990,0.742,279.639,647.529,341.090,7529.026,2940.855,119.142,1445.299,4386.154,8176.555,1.190,5.209,0.520,0.057,2.073,0.415,1.016,-0.544,-0.626,2.050,-0.130,1.00,-0.28,-1.24,0.32
997,Abs_St_1 pool,Abs,Standard,2,1,5.00,Fine,Fine,0.045734,51.384,37.201,11.415,7.840,113.500,1.174,2.350,0.148,1.657,0.104,15.88,129.465,9.127,0.005510,0.695,319.880,807.570,440.466,10636.363,1910.069,496.793,2087.038,3997.107,11443.933,1.410,5.096,0.331,0.021,1.826,0.219,0.960,-0.983,-1.340,2.055,-0.158,3.00,-0.48,-1.68,0.26
1006,Au1_St_1 pool,Au1,Standard,2,1,5.00,Moderate,Fine,0.152874,25.642,23.265,51.094,7.955,115.200,2.489,3.920,0.222,2.960,0.168,17.66,190.817,14.407,0.004870,0.980,249.327,352.599,217.974,3102.884,1081.647,235.203,1134.607,2216.254,3455.483,1.510,2.735,0.592,0.034,2.881,0.471,1.159,-0.775,-0.816,2.061,-0.009,3.00,-0.23,-1.47,0.46
1024,Burg1_St_1 pool,Burg1,Standard,2,1,5.00,Moderate,Fine,0.086796,23.273,25.574,51.153,7.137,70.000,0.000,2.020,0.146,1.323,0.096,13.84,178.591,11.698,0.008840,0.386,170.400,646.315,430.165,10483.721,1042.451,446.624,2205.238,3247.689,11130.036,1.310,4.754,0.265,0.019,2.340,0.122,1.068,-1.018,-1.062,1.845,-0.413,3.00,-0.58,-1.72,0.37
1096,Man2_St_1 pool,Man2,Standard,2,1,5.00,Moderate,Fine,0.086907,36.821,52.848,10.331,7.576,171.700,1.195,3.200,0.270,1.984,0.167,11.85,201.058,12.466,0.006280,0.534,312.357,861.500,391.105,9260.505,2122.840,404.961,3759.993,5882.833,10122.005,1.240,2.463,0.397,0.034,2.493,0.298,1.096,-0.777,-1.061,2.235,-0.272,3.00,-0.40,-1.47,0.40
1105,Moos1_St_1 pool,Moos1,Standard,2,1,5.00,Moderate,Fine,0.120493,34.110,45.889,20.001,7.545,190.000,6.150,4.110,0.320,2.877,0.224,12.84,270.878,18.961,0.006590,0.605,310.218,379.313,220.231,3073.726,1298.623,135.921,1354.615,2653.238,3453.039,1.400,2.269,0.575,0.045,3.792,0.459,1.278,-0.650,-0.919,2.279,-0.218,3.00,-0.24,-1.35,0.58
1123,Ro2_St_1 pool,Ro2,Standard,2,1,5.00,Moderate,Fine,0.051761,30.718,50.809,18.473,6.665,61.300,0.000,1.590,0.120,1.153,0.087,13.25,164.640,11.936,0.010350,0.401,145.708,843.635,356.783,10435.558,1331.473,474.931,2894.568,4226.041,11279.193,1.450,3.605,0.231,0.017,2.387,0.062,1.077,-1.060,-1.286,1.787,-0.397,3.00,-0.64,-1.76,0.38
1141,Schach1_St_1 pool,Schach1,Standard,2,1,5.00,Moderate,Fine,0.035851,30.404,40.212,29.384,7.372,115.700,0.000,1.090,0.090,0.621,0.051,12.11,119.646,6.820,0.010980,0.454,159.001,898.144,647.602,11847.781,2521.889,737.207,3402.990,5924.879,12745.925,1.140,3.482,0.124,0.010,1.364,-0.207,0.834,-1.292,-1.446,2.063,-0.343,3.00,-0.91,-1.99,0.13
1150,Schach2_St_1 pool,Schach2,Standard,2,1,5.00,Fine,Fine,0.070695,46.255,38.675,15.070,7.816,211.000,0.323,3.270,0.280,1.946,0.167,11.68,189.438,11.272,0.005790,0.718,382.071,755.567,735.538,15008.394,1206.182,778.561,5546.683,6752.865,15763.961,1.190,2.706,0.389,0.033,2.254,0.289,1.052,-0.777,-1.151,2.324,-0.144,3.00,-0.41,-1.48,0.35
1042,Eis_St_1 pool,Eis,Standard,2,1,5.00,Medium,Medium,0.200354,16.371,31.705,51.924,6.478,48.600,0.000,3.280,0.227,2.017,0.140,14.45,105.624,6.496,0.003220,0.867,43.855,1810.769,465.654,8339.359,3407.568,599.023,6067.334,9474.902,10150.128,1.230,1.374,0.403,0.028,1.299,0.305,0.813,-0.854,-0.698,1.687,-0.062,2.00,-0.39,-1.55,0.11
1051,Fischa_St_1 pool,Fischa,Standard,2,1,5.00,Medium,Medium,0.049494,26.670,56.298,17.031,7.944,123.000,0.465,1.320,0.091,0.792,0.055,14.51,140.776,8.447,0.010660,0.166,205.444,785.323,478.673,8933.915,1647.376,575.760,1770.339,3417.715,9719.238,1.200,5.046,0.158,0.011,1.689,-0.101,0.927,-1.260,-1.305,2.090,-0.780,2.00,-0.80,-1.96,0.23
1060,Grü_St_1 pool,Gru,Standard,2,1,5.00,Medium,Medium,0.055695,20.648,55.351,24.001,7.867,130.400,2.180,1.150,0.116,0.776,0.078,9.91,172.507,11.644,0.015000,0.302,146.196,555.979,264.590,6679.319,897.340,235.567,1312.867,2210.207,7235.298,1.350,5.088,0.155,0.016,2.329,-0.110,1.066,-1.108,-1.254,2.115,-0.520,2.00,-0.81,-1.80,0.37
1078,Lack2_St_1 pool,Lack2,Standard,2,1,5.00,Medium,Medium,0.064190,25.705,31.872,42.422,7.797,125.500,0.165,1.650,0.160,1.130,0.110,10.31,193.785,13.274,0.011740,0.668,186.800,502.490,587.970,6149.662,815.353,704.352,3101.501,3916.854,6652.152,1.370,1.983,0.226,0.022,2.655,0.053,1.123,-0.959,-1.193,2.099,-0.175,2.00,-0.65,-1.66,0.42
1114,Ro1_St_1 pool,Ro1,Standard,2,1,5.00,Medium,Medium,0.180948,11.495,39.996,48.509,6.466,84.400,0.000,2.080,0.160,1.456,0.112,13.00,178.716,12.510,0.008590,0.474,79.276,537.535,476.301,5206.315,814.710,538.660,2293.473,3108.183,5743.850,1.400,2.270,0.291,0.022,2.502,0.163,1.097,-0.951,-0.742,1.926,-0.324,2.00,-0.54,-1.65,0.40
1132,Sb_St_1 pool,Sb,Standard,2,1,5.00,Medium,Medium,0.064265,20.540,65.668,13.792,7.837,121.300,2.897,1.320,0.080,0.878,0.053,16.50,142.239,9.459,0.010780,0.160,154.447,401.771,259.192,6382.063,783.199,205.503,940.360,1723.559,6783.834,1.330,6.787,0.176,0.011,1.892,-0.057,0.976,-1.276,-1.192,2.084,-0.796,2.00,-0.76,-1.97,0.28
1159,St_St_1 pool,St,Standard,2,1,5.00,Medium,Medium,0.076613,19.579,55.484,24.937,7.865,112.800,0.674,1.500,0.090,0.908,0.054,16.67,157.928,9.555,0.010530,0.355,159.860,655.850,333.376,6472.131,1247.241,307.192,1265.392,2512.633,7127.981,1.210,5.115,0.182,0.011,1.911,-0.042,0.980,-1.268,-1.116,2.052,-0.450,2.00,-0.74,-1.96,0.28
1177,Um_St_1 pool,Um,Standard,2,1,5.00,Medium,Medium,0.055586,24.107,63.040,12.853,7.197,52.300,0.056,1.340,0.080,0.884,0.053,16.75,179.740,11.863,0.013410,0.283,225.255,1023.241,612.904,10820.430,854.356,478.370,2809.371,3663.727,11843.671,1.320,3.852,0.177,0.011,2.373,-0.054,1.074,-1.276,-1.255,1.719,-0.548,2.00,-0.75,-1.97,0.38
1012,Au2_P_1 pool,Au2,Pioneer,0,1,5.00,Moderate,Coarse,0.174888,14.981,18.727,66.292,7.301,91.200,0.000,2.620,0.207,1.782,0.141,12.66,302.295,20.556,0.011540,0.806,113.110,339.711,214.144,4432.677,598.239,304.670,1639.540,2237.779,4772.388,1.360,2.704,0.356,0.028,4.111,0.251,1.313,-0.851,-0.757,1.960,-0.094,1.00,-0.45,-1.55,0.61
1030,Burg2_P_1 pool,Burg2,Pioneer,0,1,5.00,Moderate,Coarse,0.188448,14.699,25.472,59.829,6.863,101.400,0.000,2.770,0.221,1.842,0.147,12.53,190.714,12.682,0.006880,0.623,109.580,329.341,264.596,5026.814,598.604,329.110,2789.121,3387.725,5356.155,1.330,1.802,0.368,0.029,2.537,0.265,1.103,-0.833,-0.725,2.006,-0.206,1.00,-0.43,-1.53,0.40
1039,Eis_P_1 pool,Eis,Pioneer,0,1,5.00,Moderate,Coarse,0.323743,14.981,26.346,58.673,7.346,121.300,0.000,4.850,0.376,2.813,0.218,12.90,417.939,24.240,0.008620,0.772,76.521,1803.181,437.362,7506.884,3802.096,546.156,5385.954,9188.050,9310.065,1.160,1.394,0.563,0.044,4.848,0.449,1.385,-0.662,-0.490,2.084,-0.112,1.00,-0.25,-1.36,0.69
1066,Lack1_P_1 pool,Lack1,Pioneer,0,1,5.00,Moderate,Coarse,0.138014,9.999,27.765,62.236,7.527,107.600,0.000,1.380,0.080,0.980,0.057,17.25,314.426,22.324,0.022780,0.860,61.342,461.471,431.393,3492.472,770.890,576.382,1676.939,2447.829,3953.943,1.420,2.083,0.196,0.011,4.465,-0.009,1.349,-1.244,-0.860,2.032,-0.066,1.00,-0.71,-1.94,0.65
1165,Ther_P_1 pool,Ther,Pioneer,0,1,5.00,Moderate,Coarse,0.330325,15.621,23.014,61.365,7.803,132.900,5.779,5.160,0.530,3.509,0.360,9.74,177.872,12.095,0.003450,0.846,289.536,604.824,358.683,6504.360,2632.524,163.869,1480.807,4113.331,7109.184,1.360,4.392,0.702,0.072,2.419,0.545,1.083,-0.444,-0.481,2.124,-0.073,1.00,-0.15,-1.14,0.38
994,Abs_P_1 pool,Abs,Pioneer,0,1,5.00,Fine,Fine,0.056982,51.841,36.933,11.226,7.826,139.700,1.337,2.954,0.224,1.787,0.136,13.19,258.513,15.640,0.008750,0.713,330.934,793.552,453.646,10844.805,1883.731,490.408,2095.763,3979.494,11638.357,1.210,5.175,0.357,0.027,3.128,0.252,1.194,-0.866,-1.244,2.145,-0.147,3.00,-0.45,-1.57,0.50
1003,Au1_P_1 pool,Au1,Pioneer,0,1,5.00,Moderate,Fine,0.114791,31.013,26.047,42.940,7.773,147.700,3.702,3.560,0.281,2.296,0.181,12.67,318.310,20.531,0.008940,0.648,284.653,359.186,216.185,3202.695,1101.959,259.880,1338.673,2440.632,3561.881,1.290,2.392,0.459,0.036,4.106,0.361,1.312,-0.742,-0.940,2.169,-0.188,3.00,-0.34,-1.44,0.61
1084,Man1_P_1 pool,Man1,Pioneer,0,1,5.00,Moderate,Fine,0.113327,20.207,27.647,52.146,7.341,96.500,0.000,2.290,0.180,1.580,0.124,12.72,236.417,16.313,0.010320,0.563,145.577,621.145,488.150,7937.456,748.105,527.642,1861.060,2609.165,8558.601,1.380,4.265,0.316,0.025,3.263,0.199,1.213,-0.907,-0.946,1.985,-0.249,3.00,-0.50,-1.61,0.51
1093,Man2_P_1 pool,Man2,Pioneer,0,1,5.00,Moderate,Fine,0.101914,30.516,54.983,14.501,7.553,220.000,1.634,3.110,0.300,2.022,0.195,10.37,275.013,17.876,0.008840,0.379,300.055,882.110,448.230,11030.217,1862.751,493.672,3140.384,5003.135,11912.327,1.300,3.512,0.404,0.039,3.575,0.306,1.252,-0.710,-0.992,2.342,-0.421,3.00,-0.39,-1.41,0.55
1102,Moos1_P_1 pool,Moos1,Pioneer,0,1,5.00,Moderate,Fine,0.128686,36.756,40.789,22.455,7.628,190.000,4.832,4.730,0.360,3.784,0.288,13.14,288.012,23.041,0.006090,0.815,296.665,447.634,199.022,3256.655,1782.617,113.171,1456.123,3238.740,3704.289,1.600,2.237,0.757,0.058,4.608,0.578,1.363,-0.541,-0.890,2.279,-0.089,3.00,-0.12,-1.24,0.66
1138,Schach1_P_1 pool,Schach1,Pioneer,0,1,5.00,Moderate,Fine,0.046544,27.071,43.729,29.200,7.393,62.900,0.000,1.260,0.070,0.693,0.039,18.00,117.693,6.473,0.009340,0.355,123.701,853.901,627.887,10421.329,1081.526,807.052,3670.790,4752.316,11275.230,1.100,2.839,0.139,0.008,1.295,-0.159,0.811,-1.409,-1.332,1.799,-0.450,3.00,-0.86,-2.11,0.11
1147,Schach2_P_1 pool,Schach2,Pioneer,0,1,5.00,Fine,Fine,0.068821,47.660,35.223,17.117,7.837,154.800,0.229,3.280,0.320,2.230,0.218,10.25,161.704,10.996,0.004930,0.786,386.738,748.952,671.715,14908.336,1297.547,764.711,4637.733,5935.280,15657.288,1.360,3.215,0.446,0.044,2.199,0.348,1.041,-0.662,-1.162,2.190,-0.105,3.00,-0.35,-1.36,0.34
1174,Um_P_1 pool,Um,Pioneer,0,1,5.00,Moderate,Fine,0.068724,27.647,60.420,11.933,7.565,99.000,0.000,1.900,0.160,1.102,0.093,11.88,240.750,13.964,0.012670,0.550,185.784,1109.519,555.940,12958.016,1185.948,532.136,3482.401,4668.349,14067.535,1.160,3.721,0.220,0.019,2.793,0.042,1.145,-1.032,-1.163,1.996,-0.260,3.00,-0.66,-1.73,0.45
1021,Burg1_P_1 pool,Burg1,Pioneer,0,1,5.00,Medium,Medium,0.133701,19.596,30.831,49.573,6.925,103.600,0.000,2.620,0.194,1.651,0.122,13.51,232.632,14.656,0.008880,0.523,142.595,623.472,362.402,10002.713,955.594,464.267,2709.380,3664.974,10626.185,1.260,3.692,0.330,0.024,2.931,0.218,1.166,-0.914,-0.874,2.015,-0.281,2.00,-0.48,-1.61,0.47
1048,Fischa_P_1 pool,Fischa,Pioneer,0,1,5.00,Medium,Medium,0.083654,22.593,53.988,23.418,7.843,178.700,1.331,1.890,0.126,1.285,0.086,15.00,200.807,13.655,0.010620,0.197,194.543,581.645,381.006,7115.686,1465.563,426.310,1398.308,2863.871,7697.331,1.360,5.089,0.257,0.017,2.731,0.109,1.135,-1.066,-1.078,2.252,-0.706,2.00,-0.59,-1.77,0.44
1057,Grü_P_1 pool,Gru,Pioneer,0,1,5.00,Medium,Medium,0.085912,21.650,59.844,18.506,7.997,151.400,1.508,1.860,0.137,1.302,0.096,13.58,259.909,18.194,0.013970,0.416,154.182,581.451,293.853,7130.732,1028.328,294.989,1501.152,2529.480,7712.183,1.400,4.750,0.260,0.019,3.639,0.115,1.260,-1.018,-1.066,2.180,-0.381,2.00,-0.58,-1.72,0.56
1075,Lack2_P_1 pool,Lack2,Pioneer,0,1,5.00,Medium,Medium,0.113366,19.318,29.730,50.952,7.902,163.600,0.196,2.190,0.200,1.424,0.130,10.95,237.989,15.469,0.010870,0.706,165.908,269.737,400.413,3506.446,572.997,696.090,2879.536,3452.533,3776.183,1.300,1.218,0.285,0.026,3.094,0.154,1.189,-0.886,-0.946,2.214,-0.151,2.00,-0.55,-1.59,0.49
1111,Ro1_P_1 pool,Ro1,Pioneer,0,1,5.00,Medium,Medium,0.165895,12.960,42.337,44.703,6.561,120.500,0.000,2.150,0.170,1.462,0.116,12.65,267.430,18.185,0.012440,0.700,81.550,482.430,415.375,5493.743,652.914,492.052,2090.975,2743.889,5976.173,1.360,2.627,0.292,0.023,3.637,0.165,1.260,-0.936,-0.780,2.081,-0.155,2.00,-0.53,-1.64,0.56
1120,Ro2_P_1 pool,Ro2,Pioneer,0,1,5.00,Medium,Medium,0.069444,26.064,53.510,20.426,6.750,83.100,0.000,1.810,0.120,1.321,0.088,15.08,201.422,14.704,0.011130,0.557,152.680,681.131,425.728,8865.647,1039.668,520.254,3363.037,4402.705,9546.778,1.460,2.636,0.264,0.018,2.941,0.121,1.167,-1.056,-1.158,1.920,-0.254,2.00,-0.58,-1.76,0.47
1129,Sb_P_1 pool,Sb,Pioneer,0,1,5.00,Medium,Medium,0.109148,18.736,67.505,13.759,7.894,145.200,2.838,2.045,0.127,1.339,0.083,16.10,199.218,13.049,0.009740,0.257,150.024,388.461,262.130,6070.856,651.776,175.090,915.417,1567.193,6459.317,1.310,6.632,0.268,0.017,2.610,0.127,1.116,-1.081,-0.962,2.162,-0.590,2.00,-0.57,-1.78,0.42
1156,St_P_1 pool,St,Pioneer,0,1,5.00,Medium,Medium,0.111466,19.737,55.841,24.422,7.839,167.300,0.578,2.200,0.180,1.540,0.126,12.22,278.533,19.497,0.012660,0.392,169.233,638.403,332.384,6102.941,1174.146,319.086,1457.181,2631.327,6741.344,1.400,4.188,0.308,0.025,3.900,0.188,1.290,-0.900,-0.953,2.223,-0.407,2.00,-0.51,-1.60,0.59
1009,Au1_Ref_1 pool,Au1,Reference,1,1,5.00,Moderate,Coarse,0.453220,12.687,20.826,66.487,7.180,175.000,2.535,5.750,0.463,3.364,0.271,12.42,549.878,32.168,0.009560,0.923,199.888,237.968,179.270,3416.008,563.506,172.129,1537.096,2100.602,3653.976,1.170,2.222,0.673,0.054,6.434,0.527,1.507,-0.567,-0.344,2.243,-0.035,1.00,-0.17,-1.27,0.81
1018,Au2_Ref_1 pool,Au2,Reference,1,1,5.00,Moderate,Coarse,0.301055,14.117,19.201,66.682,6.976,119.500,0.000,4.250,0.348,2.423,0.198,12.21,325.315,18.543,0.007650,0.949,160.445,453.746,338.380,6025.104,1022.445,465.970,2317.619,3340.064,6478.850,1.140,2.600,0.485,0.040,3.709,0.384,1.268,-0.703,-0.521,2.077,-0.023,1.00,-0.31,-1.40,0.57
1027,Burg1_Ref_1 pool,Burg1,Reference,1,1,5.00,Moderate,Coarse,0.414044,14.298,22.362,63.341,6.108,62.000,0.000,5.920,0.447,2.694,0.203,13.24,547.722,24.921,0.009250,0.964,72.857,606.861,261.781,6175.340,929.995,284.030,2837.947,3767.942,6782.201,0.910,2.176,0.539,0.041,4.984,0.430,1.397,-0.693,-0.383,1.792,-0.016,1.00,-0.27,-1.39,0.70
1036,Burg2_Ref_1 pool,Burg2,Reference,1,1,5.00,Moderate,Coarse,0.232970,11.847,26.505,61.648,7.024,114.800,0.000,2.760,0.190,1.849,0.127,14.53,284.097,19.034,0.010290,0.838,129.529,303.012,237.435,4200.735,563.849,325.570,2046.737,2610.586,4503.747,1.340,2.052,0.370,0.026,3.807,0.267,1.280,-0.896,-0.633,2.060,-0.077,1.00,-0.43,-1.59,0.58
1045,Eis_Ref_1 pool,Eis,Reference,1,1,5.00,Moderate,Coarse,0.355729,15.152,29.276,55.572,6.697,61.100,0.000,5.390,0.400,2.506,0.186,13.48,413.844,19.244,0.007680,0.932,34.501,2109.626,346.303,9027.875,3626.797,396.271,5587.811,9214.608,11137.501,0.930,1.616,0.501,0.037,3.849,0.399,1.284,-0.730,-0.449,1.786,-0.031,1.00,-0.30,-1.43,0.59
1072,Lack1_Ref_1 pool,Lack1,Reference,1,1,5.00,Moderate,Coarse,0.235690,15.444,23.538,61.018,7.369,203.000,0.000,3.640,0.270,3.276,0.243,13.48,447.667,40.290,0.012300,0.894,140.309,450.677,445.561,4611.521,861.117,603.133,2631.509,3492.626,5062.198,1.800,1.752,0.655,0.049,8.058,0.515,1.605,-0.614,-0.628,2.307,-0.049,1.00,-0.18,-1.31,0.91
1090,Man1_Ref_1 pool,Man1,Reference,1,1,5.00,Moderate,Coarse,0.195484,17.802,24.637,57.561,7.511,149.900,0.000,3.480,0.220,2.192,0.139,15.82,371.840,23.426,0.010690,0.914,153.115,606.657,448.559,7588.815,764.268,566.465,1864.985,2629.253,8195.472,1.260,4.069,0.439,0.028,4.685,0.341,1.370,-0.857,-0.709,2.176,-0.039,1.00,-0.36,-1.56,0.67
1000,Abs_Ref_1 pool,Abs,Reference,1,1,5.00,Fine,Fine,0.098651,41.155,34.223,24.621,7.860,203.000,2.012,4.060,0.325,3.654,0.293,12.49,406.121,36.551,0.010000,0.867,276.731,550.790,344.964,7398.432,1343.623,361.789,1385.088,2728.711,7949.222,1.800,5.341,0.731,0.059,7.310,0.563,1.563,-0.533,-1.006,2.307,-0.062,3.00,-0.14,-1.23,0.86
1099,Man2_Ref_1 pool,Man2,Reference,1,1,5.00,Moderate,Fine,0.250284,29.886,41.483,28.631,7.655,222.000,1.519,7.480,0.630,4.638,0.391,11.87,201.198,12.474,0.002690,0.766,359.563,714.005,264.444,5887.623,2282.380,268.683,1385.944,3668.324,6601.628,1.240,4.248,0.928,0.078,2.495,0.666,1.096,-0.408,-0.602,2.346,-0.116,3.00,-0.03,-1.11,0.40
1108,Moos1_Ref_1 pool,Moos1,Reference,1,1,5.00,Moderate,Fine,0.185742,33.595,39.213,27.192,7.636,240.000,5.232,6.240,0.490,5.304,0.417,12.74,440.622,37.453,0.007060,0.905,313.598,338.971,208.083,3061.509,1143.492,115.826,1215.471,2358.963,3400.480,1.700,2.519,1.061,0.083,7.491,0.725,1.573,-0.380,-0.731,2.380,-0.043,3.00,0.03,-1.08,0.87
1144,Schach1_Ref_1 pool,Schach1,Reference,1,1,5.00,Moderate,Fine,0.080067,28.726,41.996,29.278,7.645,149.600,0.000,2.300,0.180,1.139,0.089,12.78,305.271,15.111,0.013270,0.684,170.469,874.284,623.797,11437.146,1065.727,723.205,4051.189,5116.916,12311.430,0.990,2.823,0.228,0.018,3.022,0.057,1.179,-1.051,-1.097,2.175,-0.165,3.00,-0.64,-1.75,0.48
1153,Schach2_Ref_1 pool,Schach2,Reference,1,1,5.00,Fine,Fine,0.139278,47.818,32.472,19.710,7.841,239.000,0.117,6.660,0.650,3.097,0.302,10.25,676.226,31.445,0.010150,0.913,401.607,577.951,525.680,12248.696,1263.056,560.213,6653.324,7916.380,12826.647,0.930,1.841,0.619,0.061,6.289,0.491,1.498,-0.520,-0.856,2.378,-0.040,3.00,-0.21,-1.22,0.80
1171,Ther_Ref_1 pool,Ther,Reference,1,1,5.00,Moderate,Fine,0.339298,21.515,21.644,56.840,7.775,205.000,5.915,7.300,0.810,3.395,0.377,9.01,484.683,22.538,0.006640,0.903,351.925,680.425,387.845,7972.531,2598.574,223.788,1534.230,4132.804,8652.956,0.930,5.196,0.679,0.075,4.508,0.531,1.353,-0.424,-0.469,2.312,-0.044,3.00,-0.17,-1.12,0.65
1054,Fischa_Ref_1 pool,Fischa,Reference,1,1,5.00,Medium,Medium,0.099995,21.601,55.533,22.865,7.978,173.800,1.544,2.160,0.199,1.393,0.128,10.85,312.918,20.183,0.014490,0.478,191.166,614.973,416.863,7530.745,1411.372,441.022,1453.979,2865.351,8145.718,1.290,5.179,0.279,0.026,4.037,0.144,1.305,-0.893,-1.000,2.240,-0.321,2.00,-0.56,-1.59,0.61
1063,Grü_Ref_1 pool,Gru,Reference,1,1,5.00,Medium,Medium,0.175309,20.307,59.348,20.345,8.052,192.600,1.233,3.560,0.275,2.136,0.165,12.95,437.659,26.260,0.012290,0.723,181.400,646.825,302.312,8542.402,993.490,263.387,1379.463,2372.953,9189.227,1.200,6.193,0.427,0.033,5.252,0.330,1.419,-0.783,-0.756,2.285,-0.141,2.00,-0.37,-1.48,0.72
1081,Lack2_Ref_1 pool,Lack2,Reference,1,1,5.00,Medium,Medium,0.148564,25.309,35.150,39.542,7.403,129.800,0.288,3.760,0.330,1.824,0.160,11.39,431.328,20.919,0.011470,0.903,228.682,403.700,504.316,4951.548,719.221,645.195,2718.782,3438.003,5355.248,0.970,1.821,0.365,0.032,4.184,0.261,1.321,-0.796,-0.828,2.113,-0.044,2.00,-0.44,-1.49,0.62
1117,Ro1_Ref_1 pool,Ro1,Reference,1,1,5.00,Medium,Medium,0.298917,15.322,41.000,43.679,6.518,133.200,0.000,4.580,0.370,2.519,0.204,12.38,519.166,28.554,0.011340,0.955,103.418,475.970,393.282,5497.874,707.364,458.905,2396.810,3104.174,5973.844,1.100,2.294,0.504,0.041,5.711,0.401,1.456,-0.690,-0.524,2.125,-0.020,2.00,-0.30,-1.39,0.76
1126,Ro2_Ref_1 pool,Ro2,Reference,1,1,5.00,Medium,Medium,0.118372,22.894,54.088,23.018,6.962,145.200,0.097,2.710,0.240,1.883,0.167,11.29,340.033,23.632,0.012550,0.843,152.738,615.794,514.893,8473.959,901.316,539.097,3125.276,4026.592,9089.753,1.390,2.711,0.377,0.033,4.727,0.275,1.374,-0.777,-0.927,2.162,-0.074,2.00,-0.42,-1.48,0.67
1135,Sb_Ref_1 pool,Sb,Reference,1,1,5.00,Medium,Medium,0.201664,20.678,66.406,12.916,7.926,192.600,2.591,4.170,0.290,2.836,0.197,14.38,479.654,32.616,0.011500,0.817,218.970,395.092,250.263,6289.376,704.790,179.597,904.236,1609.026,6684.468,1.360,6.955,0.567,0.039,6.523,0.453,1.513,-0.706,-0.695,2.285,-0.088,2.00,-0.25,-1.40,0.81
1162,St_Ref_1 pool,St,Reference,1,1,5.00,Medium,Medium,0.148903,22.565,54.748,22.687,7.739,175.100,0.485,3.360,0.270,2.268,0.182,12.44,424.104,28.627,0.012620,0.826,174.341,637.459,342.187,6084.463,1152.517,328.472,1484.052,2636.569,6721.922,1.350,4.100,0.454,0.037,5.725,0.356,1.457,-0.740,-0.827,2.243,-0.083,2.00,-0.34,-1.44,0.76
1180,Um_Ref_1 pool,Um,Reference,1,1,5.00,Medium,Medium,0.323577,23.642,50.998,25.360,7.753,304.000,0.424,7.650,0.680,3.022,0.269,11.25,506.325,20.000,0.006620,0.906,146.022,904.537,515.575,10541.688,1035.902,583.908,3058.041,4093.943,11446.225,0.790,3.447,0.604,0.054,4.000,0.480,1.301,-0.570,-0.490,2.483,-0.043,2.00,-0.22,-1.27,0.60
1016,Au2_St_2 pool,Au2,Standard,2,2,15.00,Moderate,Coarse,0.106857,11.885,19.307,68.807,6.712,35.100,0.000,1.270,0.096,2.934,0.222,13.23,130.431,30.130,0.010270,0.338,57.065,452.873,226.576,5140.637,621.553,292.956,1608.862,2230.415,5593.510,1.540,3.195,0.196,0.015,2.009,0.467,1.479,-0.654,-0.971,1.545,-0.471,1.00,-0.71,-1.83,0.30
1034,Burg2_St_2 pool,Burg2,Standard,2,2,15.00,Moderate,Coarse,0.126269,11.325,22.076,66.599,6.967,55.300,0.000,1.430,0.078,3.239,0.177,18.33,165.399,37.463,0.011570,0.395,69.015,384.025,504.616,4862.489,575.196,290.710,2391.692,2966.888,5246.514,1.510,2.033,0.216,0.012,2.498,0.510,1.574,-0.752,-0.899,1.743,-0.403,1.00,-0.67,-1.93,0.40
1070,Lack1_St_2 pool,Lack1,Standard,2,2,15.00,Moderate,Coarse,0.116043,8.359,29.260,62.381,6.143,36.500,0.000,0.970,0.070,1.906,0.138,13.86,230.392,45.272,0.023750,0.598,16.095,538.139,413.394,3381.392,662.201,510.108,1475.794,2137.995,3919.531,1.310,2.291,0.127,0.009,3.018,0.280,1.656,-0.860,-0.935,1.562,-0.223,1.00,-0.90,-2.04,0.48
1088,Man1_St_2 pool,Man1,Standard,2,2,15.00,Moderate,Coarse,0.075199,19.681,27.279,53.040,7.244,53.400,0.247,1.480,0.130,3.152,0.277,11.39,144.476,30.773,0.009760,0.369,131.709,600.584,449.101,7869.638,858.032,607.016,2165.363,3023.395,8470.222,1.420,3.634,0.210,0.019,2.052,0.499,1.488,-0.558,-1.124,1.728,-0.433,1.00,-0.68,-1.73,0.31
1169,Ther_St_2 pool,Ther,Standard,2,2,15.00,Moderate,Coarse,0.227900,18.473,22.371,59.156,7.801,110.600,6.471,4.210,0.400,7.515,0.714,10.53,210.398,37.556,0.005000,0.718,279.639,647.529,341.090,7529.026,2940.855,119.142,1445.299,4386.154,8176.555,1.190,5.209,0.501,0.048,2.504,0.876,1.575,-0.146,-0.642,2.044,-0.144,1.00,-0.30,-1.32,0.40
998,Abs_St_2 pool,Abs,Standard,2,2,15.00,Fine,Fine,0.041453,51.384,37.201,11.415,7.850,116.500,1.378,2.130,0.165,4.505,0.349,12.91,116.431,24.625,0.005470,0.716,319.880,807.570,440.466,10636.363,1910.069,496.793,2087.038,3997.107,11443.933,1.410,5.096,0.300,0.023,1.642,0.654,1.391,-0.457,-1.382,2.066,-0.145,3.00,-0.52,-1.63,0.22
1007,Au1_St_2 pool,Au1,Standard,2,2,15.00,Moderate,Fine,0.120115,25.642,23.265,51.094,7.948,113.100,3.378,3.080,0.166,6.976,0.376,18.55,152.171,34.467,0.004940,0.532,249.327,352.599,217.974,3102.884,1081.647,235.203,1134.607,2216.254,3455.483,1.510,2.735,0.465,0.025,2.298,0.844,1.537,-0.425,-0.920,2.053,-0.274,3.00,-0.33,-1.60,0.36
1025,Burg1_St_2 pool,Burg1,Standard,2,2,15.00,Moderate,Fine,0.094100,23.273,25.574,51.153,6.851,64.100,0.000,2.190,0.150,4.303,0.295,14.60,171.007,33.603,0.007810,0.384,170.400,646.315,430.165,10483.721,1042.451,446.624,2205.238,3247.689,11130.036,1.310,4.754,0.287,0.020,2.240,0.634,1.526,-0.530,-1.026,1.807,-0.416,3.00,-0.54,-1.71,0.35
1097,Man2_St_2 pool,Man2,Standard,2,2,15.00,Moderate,Fine,0.087722,36.821,52.848,10.331,7.548,159.500,1.095,3.230,0.250,6.008,0.465,12.92,188.733,35.104,0.005840,0.474,312.357,861.500,391.105,9260.505,2122.840,404.961,3759.993,5882.833,10122.005,1.240,2.463,0.401,0.031,2.340,0.779,1.545,-0.333,-1.057,2.203,-0.324,3.00,-0.40,-1.51,0.37
1106,Moos1_St_2 pool,Moos1,Standard,2,2,15.00,Moderate,Fine,0.124304,34.110,45.889,20.001,7.504,179.700,6.115,4.240,0.290,8.904,0.609,14.62,258.575,54.301,0.006100,0.601,310.218,379.313,220.231,3073.726,1298.623,135.921,1354.615,2653.238,3453.039,1.400,2.269,0.594,0.041,3.620,0.950,1.735,-0.215,-0.906,2.255,-0.221,3.00,-0.23,-1.39,0.56
1124,Ro2_St_2 pool,Ro2,Standard,2,2,15.00,Moderate,Fine,0.043916,30.718,50.809,18.473,6.445,54.000,0.000,1.349,0.099,2.934,0.215,13.63,157.416,34.238,0.011670,0.560,145.708,843.635,356.783,10435.558,1331.473,474.931,2894.568,4226.041,11279.193,1.450,3.605,0.196,0.014,2.283,0.467,1.535,-0.668,-1.357,1.732,-0.252,3.00,-0.71,-1.84,0.36
1142,Schach1_St_2 pool,Schach1,Standard,2,2,15.00,Moderate,Fine,0.031246,30.404,40.212,29.384,7.479,100.500,0.000,0.950,0.060,1.625,0.103,15.83,259.065,44.300,0.027270,0.411,159.001,898.144,647.602,11847.781,2521.889,737.207,3402.990,5924.879,12745.925,1.140,3.482,0.108,0.007,2.953,0.211,1.646,-0.987,-1.505,2.002,-0.386,3.00,-0.97,-2.17,0.47
1151,Schach2_St_2 pool,Schach2,Standard,2,2,15.00,Fine,Fine,0.066155,46.255,38.675,15.070,7.943,147.900,0.352,3.060,0.280,5.462,0.500,10.93,176.031,31.422,0.005750,0.726,382.071,755.567,735.538,15008.394,1206.182,778.561,5546.683,6752.865,15763.961,1.190,2.706,0.364,0.033,2.095,0.737,1.497,-0.301,-1.179,2.170,-0.139,3.00,-0.44,-1.48,0.32
1043,Eis_St_2 pool,Eis,Standard,2,2,15.00,Medium,Medium,0.202187,16.371,31.705,51.924,6.519,58.100,0.000,3.310,0.223,6.107,0.411,14.84,267.151,49.289,0.008070,0.707,43.855,1810.769,465.654,8339.359,3407.568,599.023,6067.334,9474.902,10150.128,1.230,1.374,0.407,0.027,3.286,0.786,1.693,-0.386,-0.694,1.764,-0.151,2.00,-0.39,-1.56,0.52
1052,Fischa_St_2 pool,Fischa,Standard,2,2,15.00,Medium,Medium,0.056618,26.670,56.298,17.031,7.950,121.700,0.262,1.510,0.088,2.718,0.158,17.16,124.562,22.421,0.008250,0.206,205.444,785.323,478.673,8933.915,1647.376,575.760,1770.339,3417.715,9719.238,1.200,5.046,0.181,0.011,1.495,0.434,1.351,-0.801,-1.247,2.085,-0.686,2.00,-0.74,-1.97,0.17
1061,Grü_St_2 pool,Grü,Standard,2,2,15.00,Medium,Medium,0.051821,20.648,55.351,24.001,7.838,124.000,2.237,1.070,0.061,2.167,0.124,17.54,169.974,34.420,0.015890,0.213,146.196,555.979,264.590,6679.319,897.340,235.567,1312.867,2210.207,7235.298,1.350,5.088,0.145,0.008,2.295,0.336,1.537,-0.907,-1.285,2.093,-0.672,2.00,-0.84,-2.09,0.36
1079,Lack2_St_2 pool,Lack2,Standard,2,2,15.00,Medium,Medium,0.060300,25.705,31.872,42.422,7.750,124.300,0.193,1.550,0.140,3.185,0.288,11.07,178.308,36.642,0.011500,0.674,186.800,502.490,587.970,6149.662,815.353,704.352,3101.501,3916.854,6652.152,1.370,1.983,0.212,0.019,2.443,0.503,1.564,-0.541,-1.220,2.094,-0.171,2.00,-0.67,-1.72,0.39
1115,Ro1_St_2 pool,Ro1,Standard,2,2,15.00,Medium,Medium,0.184428,11.495,39.996,48.509,5.933,103.400,0.000,2.120,0.170,4.452,0.357,12.47,203.752,42.788,0.009610,0.671,79.276,537.535,476.301,5206.315,814.710,538.660,2293.473,3108.183,5743.850,1.400,2.270,0.297,0.024,2.853,0.649,1.631,-0.447,-0.734,2.015,-0.173,2.00,-0.53,-1.62,0.46
1133,Sb_St_2 pool,Sb,Standard,2,2,15.00,Medium,Medium,0.058423,20.540,65.668,13.792,7.931,117.900,2.896,1.200,0.080,2.394,0.160,15.00,131.881,26.310,0.010990,0.132,154.447,401.771,259.192,6382.063,783.199,205.503,940.360,1723.559,6783.834,1.330,6.787,0.160,0.011,1.754,0.379,1.420,-0.796,-1.233,2.072,-0.879,2.00,-0.80,-1.97,0.24
1160,St_St_2 pool,St,Standard,2,2,15.00,Medium,Medium,0.082231,19.579,55.484,24.937,7.731,124.200,0.716,1.610,0.108,2.922,0.196,14.91,158.085,28.692,0.009820,0.448,159.860,655.850,333.376,6472.131,1247.241,307.192,1265.392,2512.633,7127.981,1.210,5.115,0.195,0.013,1.913,0.466,1.458,-0.708,-1.085,2.094,-0.349,2.00,-0.71,-1.88,0.28
1178,Um_St_2 pool,Um,Standard,2,2,15.00,Medium,Medium,0.044385,24.107,63.040,12.853,7.080,55.000,0.324,1.070,0.080,2.119,0.158,13.38,173.647,34.382,0.016230,0.316,225.255,1023.241,612.904,10820.430,854.356,478.370,2809.371,3663.727,11843.671,1.320,3.852,0.141,0.011,2.292,0.326,1.536,-0.801,-1.353,1.740,-0.500,2.00,-0.85,-1.97,0.36
1013,Au2_P_2 pool,Au2,Pioneer,0,2,15.00,Moderate,Coarse,0.160203,14.981,18.727,66.292,7.277,83.200,0.000,2.400,0.198,4.896,0.404,12.12,260.053,53.051,0.010840,0.761,113.110,339.711,214.144,4432.677,598.239,304.670,1639.540,2237.779,4772.388,1.360,2.704,0.326,0.027,3.537,0.690,1.725,-0.394,-0.795,1.920,-0.119,1.00,-0.49,-1.57,0.55
1031,Burg2_P_2 pool,Burg2,Pioneer,0,2,15.00,Moderate,Coarse,0.117015,14.699,25.472,59.829,7.277,101.400,0.000,1.720,0.135,3.431,0.269,12.74,185.047,36.917,0.010760,0.491,109.580,329.341,264.596,5026.814,598.604,329.110,2789.121,3387.725,5356.155,1.330,1.802,0.229,0.018,2.461,0.535,1.567,-0.570,-0.932,2.006,-0.309,1.00,-0.64,-1.74,0.39
1040,Eis_P_2 pool,Eis,Pioneer,0,2,15.00,Moderate,Coarse,0.385822,14.981,26.346,58.673,7.197,106.300,0.000,5.780,0.383,10.057,0.666,15.09,472.246,82.171,0.008170,0.944,76.521,1803.181,437.362,7506.884,3802.096,546.156,5385.954,9188.050,9310.065,1.160,1.394,0.671,0.044,5.478,1.002,1.915,-0.177,-0.414,2.027,-0.025,1.00,-0.17,-1.35,0.74
1067,Lack1_P_2 pool,Lack1,Pioneer,0,2,15.00,Moderate,Coarse,0.109011,9.999,27.765,62.236,7.308,67.700,0.000,1.090,0.070,2.322,0.149,15.57,256.712,54.680,0.023550,0.751,61.342,461.471,431.393,3492.472,770.890,576.382,1676.939,2447.829,3953.943,1.420,2.083,0.155,0.010,3.645,0.366,1.738,-0.827,-0.963,1.831,-0.124,1.00,-0.81,-2.00,0.56
1166,Ther_P_2 pool,Ther,Pioneer,0,2,15.00,Moderate,Coarse,0.307919,15.621,23.014,61.365,7.847,136.800,6.323,4.810,0.540,9.812,1.102,8.91,359.385,73.315,0.007470,0.798,289.536,604.824,358.683,6504.360,2632.524,163.869,1480.807,4113.331,7109.184,1.360,4.392,0.654,0.073,4.888,0.992,1.865,0.042,-0.512,2.136,-0.098,1.00,-0.18,-1.13,0.69
995,Abs_P_2 pool,Abs,Pioneer,0,2,15.00,Fine,Fine,0.046681,51.841,36.933,11.226,7.785,126.800,1.298,2.420,0.176,4.392,0.319,13.75,143.438,26.034,0.005930,0.814,330.934,793.552,453.646,10844.805,1883.731,490.408,2095.763,3979.494,11638.357,1.210,5.175,0.293,0.021,1.736,0.643,1.416,-0.496,-1.331,2.103,-0.089,3.00,-0.53,-1.67,0.24
1004,Au1_P_2 pool,Au1,Pioneer,0,2,15.00,Moderate,Fine,0.118337,31.013,26.047,42.940,7.858,138.800,3.275,3.670,0.298,7.101,0.577,12.32,297.571,57.580,0.008110,0.657,284.653,359.186,216.185,3202.695,1101.959,259.880,1338.673,2440.632,3561.881,1.290,2.392,0.473,0.038,3.839,0.851,1.760,-0.239,-0.927,2.142,-0.182,3.00,-0.32,-1.42,0.58
1085,Man1_P_2 pool,Man1,Pioneer,0,2,15.00,Moderate,Fine,0.108378,20.207,27.647,52.146,7.286,83.800,0.000,2.190,0.170,4.533,0.352,12.88,170.643,35.323,0.007790,0.457,145.577,621.145,488.150,7937.456,748.105,527.642,1861.060,2609.165,8558.601,1.380,4.265,0.302,0.024,2.355,0.656,1.548,-0.453,-0.965,1.923,-0.340,3.00,-0.52,-1.63,0.37
1094,Man2_P_2 pool,Man2,Pioneer,0,2,15.00,Moderate,Fine,0.092411,30.516,54.983,14.501,7.431,189.400,1.760,2.820,0.240,5.499,0.468,11.75,194.539,37.935,0.006900,0.356,300.055,882.110,448.230,11030.217,1862.751,493.672,3140.384,5003.135,11912.327,1.300,3.512,0.367,0.031,2.529,0.740,1.579,-0.330,-1.034,2.277,-0.449,3.00,-0.44,-1.51,0.40
1103,Moos1_P_2 pool,Moos1,Pioneer,0,2,15.00,Moderate,Fine,0.110730,36.756,40.789,22.455,7.807,165.500,4.926,4.070,0.310,9.768,0.744,13.13,254.400,61.056,0.006250,0.729,296.665,447.634,199.022,3256.655,1782.617,113.171,1456.123,3238.740,3704.289,1.600,2.237,0.651,0.050,4.070,0.990,1.786,-0.128,-0.956,2.219,-0.137,3.00,-0.19,-1.30,0.61
1139,Schach1_P_2 pool,Schach1,Pioneer,0,2,15.00,Moderate,Fine,0.045805,27.071,43.729,29.200,7.190,62.700,0.000,1.240,0.070,2.046,0.116,17.71,116.040,19.147,0.009360,0.356,123.701,853.901,627.887,10421.329,1081.526,807.052,3670.790,4752.316,11275.230,1.100,2.839,0.136,0.008,1.276,0.311,1.282,-0.936,-1.339,1.797,-0.449,3.00,-0.87,-2.11,0.11
1148,Schach2_P_2 pool,Schach2,Pioneer,0,2,15.00,Fine,Fine,0.060848,47.660,35.223,17.117,7.849,151.100,0.208,2.900,0.250,5.916,0.510,11.60,193.075,39.387,0.006660,0.820,386.738,748.952,671.715,14908.336,1297.547,764.711,4637.733,5935.280,15657.288,1.360,3.215,0.394,0.034,2.626,0.772,1.595,-0.292,-1.216,2.179,-0.086,3.00,-0.40,-1.47,0.42
1175,Um_P_2 pool,Um,Pioneer,0,2,15.00,Moderate,Fine,0.062575,27.647,60.420,11.933,7.421,82.600,0.000,1.730,0.130,3.010,0.226,13.31,189.613,32.993,0.010960,0.614,185.784,1109.519,555.940,12958.016,1185.948,532.136,3482.401,4668.349,14067.535,1.160,3.721,0.201,0.015,2.200,0.479,1.518,-0.646,-1.204,1.917,-0.212,3.00,-0.70,-1.82,0.34
1022,Burg1_P_2 pool,Burg1,Pioneer,0,2,15.00,Medium,Medium,0.086242,19.596,30.831,49.573,7.392,96.000,0.000,1.690,0.117,3.194,0.221,14.44,218.915,41.375,0.012950,0.502,142.595,623.472,362.402,10002.713,955.594,464.267,2709.380,3664.974,10626.185,1.260,3.692,0.213,0.015,2.758,0.504,1.617,-0.656,-1.064,1.982,-0.299,2.00,-0.67,-1.83,0.44
1049,Fischa_P_2 pool,Fischa,Pioneer,0,2,15.00,Medium,Medium,0.075245,22.593,53.988,23.418,7.992,169.000,1.275,1.700,0.120,3.468,0.245,14.17,168.380,34.350,0.009900,0.190,194.543,581.645,381.006,7115.686,1465.563,426.310,1398.308,2863.871,7697.331,1.360,5.089,0.231,0.016,2.290,0.540,1.536,-0.611,-1.124,2.228,-0.721,2.00,-0.64,-1.79,0.36
1058,Grü_P_2 pool,Grü,Pioneer,0,2,15.00,Medium,Medium,0.062818,21.650,59.844,18.506,7.924,131.500,1.580,1.360,0.102,2.856,0.214,13.33,200.349,42.073,0.014730,0.315,154.182,581.451,293.853,7130.732,1028.328,294.989,1501.152,2529.480,7712.183,1.400,4.750,0.190,0.014,2.805,0.456,1.624,-0.670,-1.202,2.119,-0.502,2.00,-0.72,-1.84,0.45
1076,Lack2_P_2 pool,Lack2,Pioneer,0,2,15.00,Medium,Medium,0.092660,19.318,29.730,50.952,7.936,154.400,0.174,1.790,0.160,3.491,0.312,11.19,207.457,40.454,0.011590,0.620,165.908,269.737,400.413,3506.446,572.997,696.090,2879.536,3452.533,3776.183,1.300,1.218,0.233,0.021,2.697,0.543,1.607,-0.506,-1.033,2.189,-0.208,2.00,-0.63,-1.68,0.43
1112,Ro1_P_2 pool,Ro1,Pioneer,0,2,15.00,Medium,Medium,0.135802,12.960,42.337,44.703,6.571,119.400,0.000,1.760,0.140,3.590,0.286,12.57,185.119,37.764,0.010520,0.587,81.550,482.430,415.375,5493.743,652.914,492.052,2090.975,2743.889,5976.173,1.360,2.627,0.239,0.019,2.518,0.555,1.577,-0.544,-0.867,2.077,-0.231,2.00,-0.62,-1.72,0.40
1121,Ro2_P_2 pool,Ro2,Pioneer,0,2,15.00,Medium,Medium,0.058318,26.064,53.510,20.426,6.842,75.400,0.000,1.520,0.100,3.329,0.219,15.20,152.858,33.476,0.010060,0.487,152.680,681.131,425.728,8865.647,1039.668,520.254,3363.037,4402.705,9546.778,1.460,2.636,0.222,0.015,2.232,0.522,1.525,-0.660,-1.234,1.877,-0.312,2.00,-0.65,-1.84,0.35
1130,Sb_P_2 pool,Sb,Pioneer,0,2,15.00,Medium,Medium,0.070986,18.736,67.505,13.759,7.928,127.600,3.038,1.330,0.080,2.613,0.157,16.63,169.485,33.304,0.012740,0.147,150.024,388.461,262.130,6070.856,651.776,175.090,915.417,1567.193,6459.317,1.310,6.632,0.174,0.011,2.220,0.417,1.522,-0.804,-1.149,2.106,-0.833,2.00,-0.76,-1.98,0.35
1157,St_P_2 pool,St,Pioneer,0,2,15.00,Medium,Medium,0.087146,19.737,55.841,24.422,7.799,127.300,0.611,1.720,0.130,3.612,0.273,13.23,241.891,50.797,0.014060,0.289,169.233,638.403,332.384,6102.941,1174.146,319.086,1457.181,2631.327,6741.344,1.400,4.188,0.241,0.018,3.387,0.558,1.706,-0.564,-1.060,2.105,-0.539,2.00,-0.62,-1.74,0.53
1010,Au1_Ref_2 pool,Au1,Reference,1,2,15.00,Moderate,Coarse,0.364940,12.687,20.826,66.487,7.044,154.800,2.452,4.630,0.250,8.126,0.439,18.52,527.922,92.650,0.011400,0.860,199.888,237.968,179.270,3416.008,563.506,172.129,1537.096,2100.602,3653.976,1.170,2.222,0.542,0.029,6.177,0.910,1.967,-0.358,-0.438,2.190,-0.066,1.00,-0.27,-1.53,0.79
1019,Au2_Ref_2 pool,Au2,Reference,1,2,15.00,Moderate,Coarse,0.245803,14.117,19.201,66.682,7.075,105.500,0.000,3.470,0.296,5.934,0.506,11.72,283.037,48.399,0.008160,0.917,160.445,453.746,338.380,6025.104,1022.445,465.970,2317.619,3340.064,6478.850,1.140,2.600,0.396,0.034,3.227,0.773,1.685,-0.296,-0.609,2.023,-0.038,1.00,-0.40,-1.47,0.51
1028,Burg1_Ref_2 pool,Burg1,Reference,1,2,15.00,Moderate,Coarse,0.176528,14.298,22.362,63.341,5.910,43.400,0.000,2.524,0.172,3.445,0.235,14.67,468.474,63.947,0.018560,0.942,72.857,606.861,261.781,6175.340,929.995,284.030,2837.947,3767.942,6782.201,0.910,2.176,0.230,0.016,4.263,0.537,1.806,-0.629,-0.753,1.637,-0.026,1.00,-0.64,-1.80,0.63
1037,Burg2_Ref_2 pool,Burg2,Reference,1,2,15.00,Moderate,Coarse,0.186545,11.847,26.505,61.648,7.062,96.700,0.000,2.210,0.161,4.442,0.324,13.73,223.764,44.977,0.010130,0.640,129.529,303.012,237.435,4200.735,563.849,325.570,2046.737,2610.586,4503.747,1.340,2.052,0.296,0.022,2.998,0.648,1.653,-0.489,-0.729,1.985,-0.194,1.00,-0.53,-1.67,0.48
1046,Eis_Ref_2 pool,Eis,Reference,1,2,15.00,Moderate,Coarse,0.325370,15.152,29.276,55.572,6.436,54.300,0.000,4.930,0.372,6.877,0.519,13.25,304.346,42.456,0.006170,0.906,34.501,2109.626,346.303,9027.875,3626.797,396.271,5587.811,9214.608,11137.501,0.930,1.616,0.459,0.035,2.830,0.837,1.628,-0.285,-0.488,1.735,-0.043,1.00,-0.34,-1.46,0.45
1073,Lack1_Ref_2 pool,Lack1,Reference,1,2,15.00,Moderate,Coarse,0.181948,15.444,23.538,61.018,7.521,145.600,0.000,2.810,0.230,7.587,0.621,12.22,370.094,99.925,0.013170,0.625,140.309,450.677,445.561,4611.521,861.117,603.133,2631.509,3492.626,5062.198,1.800,1.752,0.506,0.041,6.662,0.880,2.000,-0.207,-0.740,2.163,-0.204,1.00,-0.30,-1.38,0.82
1091,Man1_Ref_2 pool,Man1,Reference,1,2,15.00,Moderate,Coarse,0.137625,17.802,24.637,57.561,7.439,122.900,0.000,2.450,0.160,4.631,0.302,15.31,317.610,60.028,0.012960,0.825,153.115,606.657,448.559,7588.815,764.268,566.465,1864.985,2629.253,8195.472,1.260,4.069,0.309,0.020,4.002,0.666,1.778,-0.520,-0.861,2.090,-0.084,1.00,-0.51,-1.69,0.60
1001,Abs_Ref_2 pool,Abs,Reference,1,2,15.00,Fine,Fine,0.125404,41.155,34.223,24.621,7.915,177.400,0.000,5.161,0.252,13.935,0.680,20.48,325.876,87.987,0.006310,0.739,276.731,550.790,344.964,7398.432,1343.623,361.789,1385.088,2728.711,7949.222,1.800,5.341,0.929,0.045,5.866,1.144,1.944,-0.167,-0.902,2.249,-0.131,3.00,-0.03,-1.34,0.77
1100,Man2_Ref_2 pool,Man2,Reference,1,2,15.00,Moderate,Fine,0.157264,29.886,41.483,28.631,7.621,157.700,1.787,4.700,0.390,8.742,0.725,12.05,201.198,37.423,0.004280,0.938,359.563,714.005,264.444,5887.623,2282.380,268.683,1385.944,3668.324,6601.628,1.240,4.248,0.583,0.048,2.495,0.942,1.573,-0.140,-0.803,2.198,-0.028,3.00,-0.23,-1.32,0.40
1109,Moos1_Ref_2 pool,Moos1,Reference,1,2,15.00,Moderate,Fine,0.128888,33.595,39.213,27.192,7.288,206.000,5.669,4.330,0.350,11.042,0.893,12.37,387.887,98.911,0.008960,0.885,313.598,338.971,208.083,3061.509,1143.492,115.826,1215.471,2358.963,3400.480,1.700,2.519,0.736,0.060,6.594,1.043,1.995,-0.049,-0.890,2.314,-0.053,3.00,-0.13,-1.23,0.82
1145,Schach1_Ref_2 pool,Schach1,Reference,1,2,15.00,Moderate,Fine,0.044211,28.726,41.996,29.278,7.954,158.300,0.057,1.270,0.080,1.886,0.119,15.88,134.988,20.046,0.010630,0.463,170.469,874.284,623.797,11437.146,1065.727,723.205,4051.189,5116.916,12311.430,0.990,2.823,0.126,0.008,1.336,0.276,1.302,-0.924,-1.354,2.199,-0.334,3.00,-0.90,-2.10,0.13
1154,Schach2_Ref_2 pool,Schach2,Reference,1,2,15.00,Fine,Fine,0.112928,47.818,32.472,19.710,7.818,186.100,0.246,5.400,0.560,7.533,0.781,9.64,478.846,66.799,0.008870,0.851,401.607,577.951,525.680,12248.696,1263.056,560.213,6653.324,7916.380,12826.647,0.930,1.841,0.502,0.052,4.453,0.877,1.825,-0.107,-0.947,2.270,-0.070,3.00,-0.30,-1.28,0.65
1172,Ther_Ref_2 pool,Ther,Reference,1,2,15.00,Moderate,Fine,0.306298,21.515,21.644,56.840,7.866,175.800,6.134,6.590,0.740,9.193,1.032,8.91,435.926,60.812,0.006610,0.881,351.925,680.425,387.845,7972.531,2598.574,223.788,1534.230,4132.804,8652.956,0.930,5.196,0.613,0.069,4.054,0.963,1.784,0.014,-0.514,2.245,-0.055,3.00,-0.21,-1.16,0.61
1055,Fischa_Ref_2 pool,Fischa,Reference,1,2,15.00,Medium,Medium,0.080089,21.601,55.533,22.865,7.992,144.000,1.353,1.730,0.161,3.348,0.312,10.75,233.072,45.099,0.013470,0.373,191.166,614.973,416.863,7530.745,1411.372,441.022,1453.979,2865.351,8145.718,1.290,5.179,0.223,0.021,3.007,0.525,1.654,-0.506,-1.096,2.158,-0.428,2.00,-0.65,-1.68,0.48
1064,Grü_Ref_2 pool,Grü,Reference,1,2,15.00,Medium,Medium,0.087655,20.307,59.348,20.345,8.005,138.800,1.486,1.780,0.116,3.204,0.209,15.35,225.569,40.602,0.012670,0.396,181.400,646.825,302.312,8542.402,993.490,263.387,1379.463,2372.953,9189.227,1.200,6.193,0.214,0.014,2.707,0.506,1.609,-0.680,-1.057,2.142,-0.402,2.00,-0.67,-1.86,0.43
1082,Lack2_Ref_2 pool,Lack2,Reference,1,2,15.00,Medium,Medium,0.113398,25.309,35.150,39.542,7.669,125.100,0.000,2.870,0.260,4.176,0.378,11.04,303.695,44.188,0.010580,0.867,228.682,403.700,504.316,4951.548,719.221,645.195,2718.782,3438.003,5355.248,0.970,1.821,0.278,0.025,2.946,0.621,1.645,-0.423,-0.945,2.097,-0.062,2.00,-0.56,-1.60,0.47
1118,Ro1_Ref_2 pool,Ro1,Reference,1,2,15.00,Medium,Medium,0.100509,15.322,41.000,43.679,6.542,74.700,0.000,1.540,0.090,2.541,0.149,17.11,437.969,72.265,0.028440,0.737,103.418,475.970,393.282,5497.874,707.364,458.905,2396.810,3104.174,5973.844,1.100,2.294,0.169,0.010,4.818,0.405,1.859,-0.827,-0.998,1.873,-0.133,2.00,-0.77,-2.00,0.68
1127,Ro2_Ref_2 pool,Ro2,Reference,1,2,15.00,Medium,Medium,0.078623,22.894,54.088,23.018,7.046,113.200,0.230,1.800,0.150,3.753,0.313,12.00,274.775,57.291,0.015270,0.635,152.738,615.794,514.893,8473.959,901.316,539.097,3125.276,4026.592,9089.753,1.390,2.711,0.250,0.021,3.819,0.574,1.758,-0.504,-1.104,2.054,-0.197,2.00,-0.60,-1.68,0.58
1136,Sb_Ref_2 pool,Sb,Reference,1,2,15.00,Medium,Medium,0.148951,20.678,66.406,12.916,7.873,152.600,2.554,3.080,0.230,6.283,0.469,13.39,382.948,78.121,0.012430,0.629,218.970,395.092,250.263,6289.376,704.790,179.597,904.236,1609.026,6684.468,1.360,6.955,0.419,0.031,5.208,0.798,1.893,-0.329,-0.827,2.184,-0.201,2.00,-0.38,-1.50,0.72
1163,St_Ref_2 pool,St,Reference,1,2,15.00,Medium,Medium,0.109905,22.565,54.748,22.687,7.747,136.600,0.443,2.480,0.170,5.022,0.344,14.59,310.614,62.899,0.012520,0.505,174.341,637.459,342.187,6084.463,1152.517,328.472,1484.052,2636.569,6721.922,1.350,4.100,0.335,0.023,4.193,0.701,1.799,-0.463,-0.959,2.135,-0.297,2.00,-0.48,-1.64,0.62
1181,Um_Ref_2 pool,Um,Reference,1,2,15.00,Medium,Medium,0.183149,23.642,50.998,25.360,7.778,197.700,0.000,4.330,0.350,5.131,0.415,12.37,436.568,51.733,0.010080,0.733,146.022,904.537,515.575,10541.688,1035.902,583.908,3058.041,4093.943,11446.225,0.790,3.447,0.342,0.028,3.449,0.710,1.714,-0.382,-0.737,2.296,-0.135,2.00,-0.47,-1.56,0.54
1017,Au2_St_3 pool,Au2,Standard,2,3,15.00,Moderate,Coarse,0.114430,11.885,19.307,68.807,6.606,36.100,0.000,1.360,0.105,3.142,0.243,12.95,127.396,29.428,0.009370,0.322,57.065,452.873,226.576,5140.637,621.553,292.956,1608.862,2230.415,5593.510,1.540,3.195,0.209,0.016,1.962,0.497,1.469,-0.614,-0.941,1.558,-0.492,1.00,-0.68,-1.79,0.29
1035,Burg2_St_3 pool,Burg2,Standard,2,3,15.00,Moderate,Coarse,0.078675,11.325,22.076,66.599,6.638,50.400,0.000,0.891,0.039,2.018,0.088,22.85,161.439,36.566,0.018120,0.355,69.015,384.025,504.616,4862.489,575.196,290.710,2391.692,2966.888,5246.514,1.510,2.033,0.135,0.006,2.438,0.305,1.563,-1.056,-1.104,1.702,-0.450,1.00,-0.87,-2.23,0.39
1071,Lack1_St_3 pool,Lack1,Standard,2,3,15.00,Moderate,Coarse,0.099773,8.359,29.260,62.381,5.986,34.800,0.000,0.834,0.038,1.639,0.075,21.95,173.054,34.005,0.020750,0.502,16.095,538.139,413.394,3381.392,662.201,510.108,1475.794,2137.995,3919.531,1.310,2.291,0.109,0.005,2.267,0.215,1.532,-1.125,-1.001,1.542,-0.299,1.00,-0.96,-2.30,0.36
1089,Man1_St_3 pool,Man1,Standard,2,3,15.00,Moderate,Coarse,0.061989,19.681,27.279,53.040,7.202,69.900,0.355,1.220,0.100,2.599,0.213,12.20,120.890,25.749,0.009910,0.355,131.709,600.584,449.101,7869.638,858.032,607.016,2165.363,3023.395,8470.222,1.420,3.634,0.173,0.014,1.717,0.415,1.411,-0.672,-1.208,1.844,-0.450,1.00,-0.76,-1.85,0.23
1170,Ther_St_3 pool,Ther,Standard,2,3,15.00,Moderate,Coarse,0.186759,18.473,22.371,59.156,7.755,115.400,6.813,3.450,0.430,6.158,0.768,8.02,161.295,28.791,0.004680,0.749,279.639,647.529,341.090,7529.026,2940.855,119.142,1445.299,4386.154,8176.555,1.190,5.209,0.411,0.051,1.919,0.789,1.459,-0.115,-0.729,2.062,-0.126,1.00,-0.39,-1.29,0.28
999,Abs_St_3 pool,Abs,Standard,2,3,15.00,Fine,Fine,0.030554,51.384,37.201,11.415,7.870,117.200,1.592,1.570,0.105,3.321,0.222,14.95,82.199,17.385,0.005240,0.692,319.880,807.570,440.466,10636.363,1910.069,496.793,2087.038,3997.107,11443.933,1.410,5.096,0.221,0.015,1.159,0.521,1.240,-0.654,-1.515,2.069,-0.160,3.00,-0.65,-1.83,0.06
1008,Au1_St_3 pool,Au1,Standard,2,3,15.00,Moderate,Fine,0.158997,25.642,23.265,51.094,7.996,120.000,1.923,4.077,0.180,9.234,0.408,22.65,128.769,29.166,0.003160,0.551,249.327,352.599,217.974,3102.884,1081.647,235.203,1134.607,2216.254,3455.483,1.510,2.735,0.616,0.027,1.944,0.965,1.465,-0.389,-0.799,2.079,-0.259,3.00,-0.21,-1.57,0.29
1026,Burg1_St_3 pool,Burg1,Standard,2,3,15.00,Moderate,Fine,0.084218,23.273,25.574,51.153,7.210,61.300,0.000,1.960,0.113,3.851,0.222,17.35,171.407,33.681,0.008750,0.409,170.400,646.315,430.165,10483.721,1042.451,446.624,2205.238,3247.689,11130.036,1.310,4.754,0.257,0.015,2.245,0.586,1.527,-0.654,-1.075,1.787,-0.388,3.00,-0.59,-1.83,0.35
1098,Man2_St_3 pool,Man2,Standard,2,3,15.00,Moderate,Fine,0.079031,36.821,52.848,10.331,7.505,151.300,1.276,2.910,0.240,5.413,0.446,12.13,180.916,33.650,0.006220,0.525,312.357,861.500,391.105,9260.505,2122.840,404.961,3759.993,5882.833,10122.005,1.240,2.463,0.361,0.030,2.243,0.733,1.527,-0.351,-1.102,2.180,-0.280,3.00,-0.44,-1.53,0.35
1107,Moos1_St_3 pool,Moos1,Standard,2,3,15.00,Moderate,Fine,0.108766,34.110,45.889,20.001,7.613,165.000,6.225,3.710,0.280,7.791,0.588,13.25,221.852,46.589,0.005980,0.537,310.218,379.313,220.231,3073.726,1298.623,135.921,1354.615,2653.238,3453.039,1.400,2.269,0.519,0.039,3.106,0.892,1.668,-0.231,-0.964,2.217,-0.270,3.00,-0.28,-1.41,0.49
1125,Ro2_St_3 pool,Ro2,Standard,2,3,15.00,Moderate,Fine,0.043297,30.718,50.809,18.473,6.461,46.500,0.000,1.330,0.080,2.893,0.174,16.63,141.984,30.881,0.010680,0.496,145.708,843.635,356.783,10435.558,1331.473,474.931,2894.568,4226.041,11279.193,1.450,3.605,0.193,0.012,2.059,0.461,1.490,-0.759,-1.364,1.667,-0.305,3.00,-0.71,-1.94,0.31
1143,Schach1_St_3 pool,Schach1,Standard,2,3,15.00,Moderate,Fine,0.037166,30.404,40.212,29.384,7.546,90.200,0.000,1.130,0.070,1.932,0.120,16.14,126.569,21.643,0.011200,0.383,159.001,898.144,647.602,11847.781,2521.889,737.207,3402.990,5924.879,12745.925,1.140,3.482,0.129,0.008,1.443,0.286,1.335,-0.921,-1.430,1.955,-0.417,3.00,-0.89,-2.10,0.16
1152,Schach2_St_3 pool,Schach2,Standard,2,3,15.00,Fine,Fine,0.067452,46.255,38.675,15.070,7.904,150.100,0.402,3.120,0.250,5.569,0.446,12.48,158.992,28.380,0.005100,0.780,382.071,755.567,735.538,15008.394,1206.182,778.561,5546.683,6752.865,15763.961,1.190,2.706,0.371,0.030,1.892,0.746,1.453,-0.351,-1.171,2.176,-0.108,3.00,-0.43,-1.53,0.28
1044,Eis_St_3 pool,Eis,Standard,2,3,15.00,Medium,Medium,0.127054,16.371,31.705,51.924,6.352,54.600,0.000,2.080,0.120,3.838,0.221,17.33,176.642,32.590,0.008490,0.879,43.855,1810.769,465.654,8339.359,3407.568,599.023,6067.334,9474.902,10150.128,1.230,1.374,0.256,0.015,2.173,0.584,1.513,-0.656,-0.896,1.737,-0.056,2.00,-0.59,-1.83,0.34
1053,Fischa_St_3 pool,Fischa,Standard,2,3,15.00,Medium,Medium,0.045744,26.670,56.298,17.031,8.000,124.400,0.535,1.220,0.085,2.196,0.153,14.35,113.979,20.516,0.009340,0.243,205.444,785.323,478.673,8933.915,1647.376,575.760,1770.339,3417.715,9719.238,1.200,5.046,0.146,0.010,1.368,0.342,1.312,-0.815,-1.340,2.095,-0.614,2.00,-0.83,-1.99,0.14
1062,Grü_St_3 pool,Grü,Standard,2,3,15.00,Medium,Medium,0.041166,20.648,55.351,24.001,8.005,114.600,2.427,0.850,0.049,1.721,0.099,17.35,143.097,28.977,0.016830,0.152,146.196,555.979,264.590,6679.319,897.340,235.567,1312.867,2210.207,7235.298,1.350,5.088,0.115,0.007,1.932,0.236,1.462,-1.004,-1.385,2.059,-0.818,2.00,-0.94,-2.18,0.29
1080,Lack2_St_3 pool,Lack2,Standard,2,3,15.00,Medium,Medium,0.036958,25.705,31.872,42.422,7.812,113.800,0.113,0.950,0.070,1.952,0.144,13.57,102.391,21.041,0.010780,0.558,186.800,502.490,587.970,6149.662,815.353,704.352,3101.501,3916.854,6652.152,1.370,1.983,0.130,0.010,1.403,0.290,1.323,-0.842,-1.432,2.056,-0.253,2.00,-0.89,-2.02,0.15
1116,Ro1_St_3 pool,Ro1,Standard,2,3,15.00,Medium,Medium,0.154850,11.495,39.996,48.509,5.877,82.700,0.000,1.780,0.120,3.738,0.252,14.83,176.916,37.152,0.009940,0.609,79.276,537.535,476.301,5206.315,814.710,538.660,2293.473,3108.183,5743.850,1.400,2.270,0.249,0.017,2.477,0.573,1.570,-0.599,-0.810,1.918,-0.215,2.00,-0.60,-1.77,0.39
1134,Sb_St_3 pool,Sb,Standard,2,3,15.00,Medium,Medium,0.058423,20.540,65.668,13.792,7.897,112.500,3.002,1.200,0.080,2.394,0.160,15.00,113.351,22.613,0.009450,0.109,154.447,401.771,259.192,6382.063,783.199,205.503,940.360,1723.559,6783.834,1.330,6.787,0.160,0.011,1.508,0.379,1.354,-0.796,-1.233,2.051,-0.963,2.00,-0.80,-1.97,0.18
1161,St_St_3 pool,St,Standard,2,3,15.00,Medium,Medium,0.083252,19.579,55.484,24.937,7.929,118.800,0.637,1.630,0.097,2.958,0.176,16.80,153.676,27.892,0.009430,0.309,159.860,655.850,333.376,6472.131,1247.241,307.192,1265.392,2512.633,7127.981,1.210,5.115,0.197,0.012,1.860,0.471,1.445,-0.754,-1.080,2.075,-0.510,2.00,-0.71,-1.93,0.27
1179,Um_St_3 pool,Um,Standard,2,3,15.00,Medium,Medium,0.036919,24.107,63.040,12.853,7.368,65.400,0.376,0.890,0.090,1.762,0.178,9.89,153.231,30.340,0.017220,0.331,225.255,1023.241,612.904,10820.430,854.356,478.370,2809.371,3663.727,11843.671,1.320,3.852,0.118,0.012,2.023,0.246,1.482,-0.750,-1.433,1.816,-0.480,2.00,-0.93,-1.92,0.31
1014,Au2_P_3 pool,Au2,Pioneer,0,3,15.00,Moderate,Coarse,0.193579,14.981,18.727,66.292,7.365,82.400,0.000,2.900,0.200,5.916,0.408,14.50,266.280,54.321,0.009180,0.716,113.110,339.711,214.144,4432.677,598.239,304.670,1639.540,2237.779,4772.388,1.360,2.704,0.394,0.027,3.621,0.772,1.735,-0.389,-0.713,1.916,-0.145,1.00,-0.40,-1.57,0.56
1032,Burg2_P_3 pool,Burg2,Pioneer,0,3,15.00,Moderate,Coarse,0.097966,14.699,25.472,59.829,7.201,73.400,0.000,1.440,0.083,2.873,0.166,17.35,139.532,27.837,0.009690,0.311,109.580,329.341,264.596,5026.814,598.604,329.110,2789.121,3387.725,5356.155,1.330,1.802,0.192,0.011,1.856,0.458,1.445,-0.780,-1.009,1.866,-0.507,1.00,-0.72,-1.96,0.27
1041,Eis_P_3 pool,Eis,Pioneer,0,3,15.00,Moderate,Coarse,0.207596,14.981,26.346,58.673,6.422,67.900,0.000,3.110,0.212,5.411,0.369,14.67,346.898,60.360,0.011150,0.856,76.521,1803.181,437.362,7506.884,3802.096,546.156,5385.954,9188.050,9310.065,1.160,1.394,0.361,0.025,4.024,0.733,1.781,-0.433,-0.683,1.832,-0.068,1.00,-0.44,-1.61,0.60
1068,Lack1_P_3 pool,Lack1,Pioneer,0,3,15.00,Moderate,Coarse,0.088009,9.999,27.765,62.236,7.141,52.500,0.000,0.880,0.050,1.874,0.107,17.60,308.621,65.736,0.035070,0.492,61.342,461.471,431.393,3492.472,770.890,576.382,1676.939,2447.829,3953.943,1.420,2.083,0.125,0.007,4.382,0.273,1.818,-0.971,-1.055,1.720,-0.308,1.00,-0.90,-2.15,0.64
1167,Ther_P_3 pool,Ther,Pioneer,0,3,15.00,Moderate,Coarse,0.271429,15.621,23.014,61.365,7.721,139.100,6.504,4.240,0.450,8.650,0.918,9.42,329.050,67.126,0.007760,0.774,289.536,604.824,358.683,6504.360,2632.524,163.869,1480.807,4113.331,7109.184,1.360,4.392,0.577,0.061,4.475,0.937,1.827,-0.037,-0.566,2.143,-0.111,1.00,-0.24,-1.21,0.65
996,Abs_P_3 pool,Abs,Pioneer,0,3,15.00,Fine,Fine,0.057869,51.841,36.933,11.226,7.865,125.800,1.262,3.000,0.194,5.445,0.352,15.46,136.578,24.789,0.004550,0.796,330.934,793.552,453.646,10844.805,1883.731,490.408,2095.763,3979.494,11638.357,1.210,5.175,0.363,0.024,1.653,0.736,1.394,-0.453,-1.238,2.100,-0.099,3.00,-0.44,-1.63,0.22
1005,Au1_P_3 pool,Au1,Pioneer,0,3,15.00,Moderate,Fine,0.086415,31.013,26.047,42.940,7.911,131.800,3.603,2.680,0.222,5.186,0.430,12.07,238.959,46.238,0.008920,0.630,284.653,359.186,216.185,3202.695,1101.959,259.880,1338.673,2440.632,3561.881,1.290,2.392,0.346,0.029,3.083,0.715,1.665,-0.367,-1.063,2.120,-0.201,3.00,-0.46,-1.54,0.49
1086,Man1_P_3 pool,Man1,Pioneer,0,3,15.00,Moderate,Fine,0.080170,20.207,27.647,52.146,7.435,87.600,0.248,1.620,0.140,3.353,0.290,11.57,134.530,27.848,0.008300,0.391,145.577,621.145,488.150,7937.456,748.105,527.642,1861.060,2609.165,8558.601,1.380,4.265,0.224,0.019,1.857,0.525,1.445,-0.538,-1.096,1.943,-0.408,3.00,-0.65,-1.71,0.27
1095,Man2_P_3 pool,Man2,Pioneer,0,3,15.00,Moderate,Fine,0.089461,30.516,54.983,14.501,7.524,174.200,1.708,2.730,0.260,5.324,0.507,10.50,188.042,36.668,0.006890,0.597,300.055,882.110,448.230,11030.217,1862.751,493.672,3140.384,5003.135,11912.327,1.300,3.512,0.355,0.034,2.445,0.726,1.564,-0.295,-1.048,2.241,-0.224,3.00,-0.45,-1.47,0.39
1104,Moos1_P_3 pool,Moos1,Pioneer,0,3,15.00,Moderate,Fine,0.103384,36.756,40.789,22.455,7.865,151.600,4.878,3.800,0.270,9.120,0.648,14.07,200.425,48.102,0.005270,0.647,296.665,447.634,199.022,3256.655,1782.617,113.171,1456.123,3238.740,3704.289,1.600,2.237,0.608,0.043,3.207,0.960,1.682,-0.188,-0.986,2.181,-0.189,3.00,-0.22,-1.36,0.51
1140,Schach1_P_3 pool,Schach1,Pioneer,0,3,15.00,Moderate,Fine,0.043220,27.071,43.729,29.200,7.025,44.600,0.000,1.170,0.070,1.931,0.116,16.71,112.758,18.605,0.009640,0.354,123.701,853.901,627.887,10421.329,1081.526,807.052,3670.790,4752.316,11275.230,1.100,2.839,0.129,0.008,1.240,0.286,1.270,-0.936,-1.364,1.649,-0.451,3.00,-0.89,-2.11,0.09
1149,Schach2_P_3 pool,Schach2,Pioneer,0,3,15.00,Fine,Fine,0.062946,47.660,35.223,17.117,7.887,134.000,0.238,3.000,0.280,6.120,0.571,10.71,178.963,36.508,0.005970,0.853,386.738,748.952,671.715,14908.336,1297.547,764.711,4637.733,5935.280,15657.288,1.360,3.215,0.408,0.038,2.434,0.787,1.562,-0.243,-1.201,2.127,-0.069,3.00,-0.39,-1.42,0.39
1176,Um_P_3 pool,Um,Pioneer,0,3,15.00,Moderate,Fine,0.050277,27.647,60.420,11.933,7.355,76.700,0.089,1.390,0.100,2.419,0.174,13.90,165.632,28.820,0.011920,0.612,185.784,1109.519,555.940,12958.016,1185.948,532.136,3482.401,4668.349,14067.535,1.160,3.721,0.161,0.012,1.921,0.384,1.460,-0.759,-1.299,1.885,-0.213,3.00,-0.79,-1.94,0.28
1023,Burg1_P_3 pool,Burg1,Pioneer,0,3,15.00,Medium,Medium,0.051031,19.596,30.831,49.573,7.220,70.000,0.000,1.000,0.061,1.890,0.115,16.39,152.122,28.751,0.015210,0.468,142.595,623.472,362.402,10002.713,955.594,464.267,2709.380,3664.974,10626.185,1.260,3.692,0.126,0.008,1.917,0.276,1.459,-0.939,-1.292,1.845,-0.330,2.00,-0.90,-2.11,0.28
1050,Fischa_P_3 pool,Fischa,Pioneer,0,3,15.00,Medium,Medium,0.060638,22.593,53.988,23.418,7.941,152.600,1.232,1.370,0.119,2.795,0.243,11.51,129.847,26.489,0.009480,0.175,194.543,581.645,381.006,7115.686,1465.563,426.310,1398.308,2863.871,7697.331,1.360,5.089,0.186,0.016,1.766,0.446,1.423,-0.614,-1.217,2.184,-0.757,2.00,-0.73,-1.79,0.25
1059,Grü_P_3 pool,Grü,Pioneer,0,3,15.00,Medium,Medium,0.046374,21.650,59.844,18.506,7.918,112.000,1.706,1.004,0.062,2.108,0.130,16.19,116.983,24.566,0.011650,0.172,154.182,581.451,293.853,7130.732,1028.328,294.989,1501.152,2529.480,7712.183,1.400,4.750,0.141,0.009,1.638,0.324,1.390,-0.886,-1.334,2.049,-0.764,2.00,-0.85,-2.06,0.21
1077,Lack2_P_3 pool,Lack2,Pioneer,0,3,15.00,Medium,Medium,0.060565,19.318,29.730,50.952,7.926,125.800,0.201,1.170,0.110,2.282,0.215,10.64,143.851,28.051,0.012290,0.546,165.908,269.737,400.413,3506.446,572.997,696.090,2879.536,3452.533,3776.183,1.300,1.218,0.152,0.014,1.870,0.358,1.448,-0.668,-1.218,2.100,-0.263,2.00,-0.82,-1.84,0.27
1113,Ro1_P_3 pool,Ro1,Pioneer,0,3,15.00,Medium,Medium,0.124228,12.960,42.337,44.703,6.574,112.000,0.000,1.610,0.110,3.284,0.224,14.64,169.866,34.653,0.010550,0.480,81.550,482.430,415.375,5493.743,652.914,492.052,2090.975,2743.889,5976.173,1.360,2.627,0.219,0.015,2.310,0.516,1.540,-0.650,-0.906,2.049,-0.319,2.00,-0.66,-1.82,0.36
1122,Ro2_P_3 pool,Ro2,Pioneer,0,3,15.00,Medium,Medium,0.042587,26.064,53.510,20.426,6.875,69.000,0.000,1.110,0.060,2.431,0.131,18.50,115.551,25.306,0.010410,0.391,152.680,681.131,425.728,8865.647,1039.668,520.254,3363.037,4402.705,9546.778,1.460,2.636,0.162,0.009,1.687,0.386,1.403,-0.883,-1.371,1.839,-0.408,2.00,-0.79,-2.06,0.23
1131,Sb_P_3 pool,Sb,Pioneer,0,3,15.00,Medium,Medium,0.072054,18.736,67.505,13.759,7.850,117.200,3.141,1.350,0.087,2.653,0.171,15.52,149.643,29.405,0.011080,0.116,150.024,388.461,262.130,6070.856,651.776,175.090,915.417,1567.193,6459.317,1.310,6.632,0.177,0.011,1.960,0.424,1.468,-0.767,-1.142,2.069,-0.936,2.00,-0.75,-1.94,0.29
1158,St_P_3 pool,St,Pioneer,0,3,15.00,Medium,Medium,0.082485,19.737,55.841,24.422,7.643,121.400,0.451,1.628,0.092,3.419,0.193,17.70,160.491,33.703,0.009860,0.173,169.233,638.403,332.384,6102.941,1174.146,319.086,1457.181,2631.327,6741.344,1.400,4.188,0.228,0.013,2.247,0.534,1.528,-0.714,-1.084,2.084,-0.762,2.00,-0.64,-1.89,0.35
1011,Au1_Ref_3 pool,Au1,Reference,1,3,15.00,Moderate,Coarse,0.305825,12.687,20.826,66.487,7.107,163.500,2.922,3.880,0.306,6.809,0.537,12.68,375.607,65.919,0.009680,0.753,199.888,237.968,179.270,3416.008,563.506,172.129,1537.096,2100.602,3653.976,1.170,2.222,0.454,0.036,4.395,0.833,1.819,-0.270,-0.515,2.214,-0.123,1.00,-0.34,-1.45,0.64
1020,Au2_Ref_3 pool,Au2,Reference,1,3,15.00,Moderate,Coarse,0.255012,14.117,19.201,66.682,7.284,82.100,0.000,3.600,0.289,6.156,0.494,12.46,254.094,43.450,0.007060,0.884,160.445,453.746,338.380,6025.104,1022.445,465.970,2317.619,3340.064,6478.850,1.140,2.600,0.410,0.033,2.897,0.789,1.638,-0.306,-0.593,1.914,-0.054,1.00,-0.39,-1.48,0.46
1029,Burg1_Ref_3 pool,Burg1,Reference,1,3,15.00,Moderate,Coarse,0.265771,14.298,22.362,63.341,5.979,35.800,0.000,3.800,0.244,5.187,0.333,15.57,392.032,53.512,0.010320,0.813,72.857,606.861,261.781,6175.340,929.995,284.030,2837.947,3767.942,6782.201,0.910,2.176,0.346,0.022,3.568,0.715,1.728,-0.478,-0.575,1.554,-0.090,1.00,-0.46,-1.65,0.55
1038,Burg2_Ref_3 pool,Burg2,Reference,1,3,15.00,Moderate,Coarse,0.136743,11.847,26.505,61.648,6.997,79.900,0.000,1.620,0.090,3.256,0.181,18.00,170.235,34.217,0.010510,0.435,129.529,303.012,237.435,4200.735,563.849,325.570,2046.737,2610.586,4503.747,1.340,2.052,0.217,0.012,2.281,0.513,1.534,-0.742,-0.864,1.903,-0.362,1.00,-0.66,-1.92,0.36
1047,Eis_Ref_3 pool,Eis,Reference,1,3,15.00,Moderate,Coarse,0.177534,15.152,29.276,55.572,6.205,43.300,0.000,2.690,0.173,3.753,0.241,15.55,228.358,31.856,0.008490,0.712,34.501,2109.626,346.303,9027.875,3626.797,396.271,5587.811,9214.608,11137.501,0.930,1.616,0.250,0.016,2.124,0.574,1.503,-0.618,-0.751,1.636,-0.148,1.00,-0.60,-1.79,0.33
1074,Lack1_Ref_3 pool,Lack1,Reference,1,3,15.00,Moderate,Coarse,0.147630,15.444,23.538,61.018,7.732,129.900,0.000,2.280,0.180,6.156,0.486,12.67,296.202,79.974,0.012990,0.680,140.309,450.677,445.561,4611.521,861.117,603.133,2631.509,3492.626,5062.198,1.800,1.752,0.410,0.032,5.332,0.789,1.903,-0.313,-0.831,2.114,-0.167,1.00,-0.39,-1.49,0.73
1092,Man1_Ref_3 pool,Man1,Reference,1,3,15.00,Moderate,Coarse,0.108415,17.802,24.637,57.561,7.374,95.900,0.000,1.930,0.160,3.648,0.302,12.06,213.280,40.310,0.011050,0.641,153.115,606.657,448.559,7588.815,764.268,566.465,1864.985,2629.253,8195.472,1.260,4.069,0.243,0.020,2.687,0.562,1.605,-0.520,-0.965,1.982,-0.193,1.00,-0.61,-1.69,0.43
1002,Abs_Ref_3 pool,Abs,Reference,1,3,15.00,Fine,Fine,0.121127,41.155,34.223,24.621,7.839,161.100,0.000,4.985,0.230,13.460,0.621,21.67,285.614,77.116,0.005730,0.649,276.731,550.790,344.964,7398.432,1343.623,361.789,1385.088,2728.711,7949.222,1.800,5.341,0.897,0.041,5.141,1.129,1.887,-0.207,-0.917,2.207,-0.188,3.00,-0.05,-1.38,0.71
1101,Man2_Ref_3 pool,Man2,Reference,1,3,15.00,Moderate,Fine,0.155926,29.886,41.483,28.631,7.605,153.800,1.814,4.660,0.380,8.668,0.707,12.26,340.774,63.384,0.007310,0.715,359.563,714.005,264.444,5887.623,2282.380,268.683,1385.944,3668.324,6601.628,1.240,4.248,0.578,0.047,4.226,0.938,1.802,-0.151,-0.807,2.187,-0.146,3.00,-0.24,-1.33,0.63
1110,Moos1_Ref_3 pool,Moos1,Reference,1,3,15.00,Moderate,Fine,0.140497,33.595,39.213,27.192,7.514,178.000,5.741,4.720,0.380,12.036,0.969,12.42,326.083,83.151,0.006910,0.711,313.598,338.971,208.083,3061.509,1143.492,115.826,1215.471,2358.963,3400.480,1.700,2.519,0.802,0.065,5.543,1.080,1.920,-0.014,-0.852,2.250,-0.148,3.00,-0.10,-1.19,0.74
1146,Schach1_Ref_3 pool,Schach1,Reference,1,3,15.00,Moderate,Fine,0.039337,28.726,41.996,29.278,7.954,152.400,0.088,1.130,0.090,1.678,0.134,12.56,101.125,15.017,0.008950,0.371,170.469,874.284,623.797,11437.146,1065.727,723.205,4051.189,5116.916,12311.430,0.990,2.823,0.112,0.009,1.001,0.225,1.177,-0.873,-1.405,2.183,-0.431,3.00,-0.95,-2.05,0.00
1155,Schach2_Ref_3 pool,Schach2,Reference,1,3,15.00,Fine,Fine,0.080723,47.818,32.472,19.710,7.880,155.500,0.195,3.860,0.350,5.385,0.488,11.03,306.663,42.780,0.007940,0.781,401.607,577.951,525.680,12248.696,1263.056,560.213,6653.324,7916.380,12826.647,0.930,1.841,0.359,0.033,2.852,0.731,1.631,-0.312,-1.093,2.192,-0.107,3.00,-0.44,-1.49,0.46
1173,Ther_Ref_3 pool,Ther,Reference,1,3,15.00,Moderate,Fine,0.283523,21.515,21.644,56.840,7.850,198.200,6.052,6.100,0.650,8.510,0.907,9.39,527.562,73.595,0.008650,0.894,351.925,680.425,387.845,7972.531,2598.574,223.788,1534.230,4132.804,8652.956,0.930,5.196,0.567,0.061,4.906,0.930,1.867,-0.042,-0.547,2.297,-0.049,3.00,-0.25,-1.22,0.69
1056,Fischa_Ref_3 pool,Fischa,Reference,1,3,15.00,Medium,Medium,0.081941,21.601,55.533,22.865,7.946,128.000,1.176,1.770,0.150,3.425,0.290,11.80,204.439,39.559,0.011550,0.328,191.166,614.973,416.863,7530.745,1411.372,441.022,1453.979,2865.351,8145.718,1.290,5.179,0.228,0.019,2.637,0.535,1.597,-0.538,-1.087,2.107,-0.484,2.00,-0.64,-1.71,0.42
1065,Grü_Ref_3 pool,Grü,Reference,1,3,15.00,Medium,Medium,0.068449,20.307,59.348,20.345,8.002,120.000,1.502,1.390,0.091,2.502,0.164,15.28,210.398,37.872,0.015140,0.351,181.400,646.825,302.312,8542.402,993.490,263.387,1379.463,2372.953,9189.227,1.200,6.193,0.167,0.011,2.525,0.398,1.578,-0.785,-1.165,2.079,-0.455,2.00,-0.78,-1.96,0.40
1083,Lack2_Ref_3 pool,Lack2,Reference,1,3,15.00,Medium,Medium,0.056107,25.309,35.150,39.542,7.744,119.500,0.000,1.420,0.120,2.066,0.175,11.83,127.611,18.567,0.008990,0.546,228.682,403.700,504.316,4951.548,719.221,645.195,2718.782,3438.003,5355.248,0.970,1.821,0.138,0.012,1.238,0.315,1.269,-0.757,-1.251,2.077,-0.263,2.00,-0.86,-1.94,0.09
1119,Ro1_Ref_3 pool,Ro1,Reference,1,3,15.00,Medium,Medium,0.099204,15.322,41.000,43.679,6.478,60.900,0.000,1.520,0.080,2.508,0.132,19.00,339.993,56.099,0.022370,0.579,103.418,475.970,393.282,5497.874,707.364,458.905,2396.810,3104.174,5973.844,1.100,2.294,0.167,0.009,3.740,0.399,1.749,-0.879,-1.003,1.785,-0.237,2.00,-0.78,-2.06,0.57
1128,Ro2_Ref_3 pool,Ro2,Reference,1,3,15.00,Medium,Medium,0.060933,22.894,54.088,23.018,6.896,87.000,0.104,1.395,0.084,2.909,0.175,16.61,274.775,57.291,0.019700,0.401,152.738,615.794,514.893,8473.959,901.316,539.097,3125.276,4026.592,9089.753,1.390,2.711,0.194,0.012,3.819,0.464,1.758,-0.757,-1.215,1.940,-0.397,2.00,-0.71,-1.93,0.58
1137,Sb_Ref_3 pool,Sb,Reference,1,3,15.00,Medium,Medium,0.109295,20.678,66.406,12.916,7.861,142.500,2.777,2.260,0.170,4.610,0.347,13.29,277.362,56.582,0.012270,0.461,218.970,395.092,250.263,6289.376,704.790,179.597,904.236,1609.026,6684.468,1.360,6.955,0.307,0.023,3.772,0.664,1.753,-0.460,-0.961,2.154,-0.336,2.00,-0.51,-1.64,0.58
1164,St_Ref_3 pool,St,Reference,1,3,15.00,Medium,Medium,0.074717,22.565,54.748,22.687,7.803,123.400,0.437,1.686,0.118,3.414,0.239,14.29,10.000,2.025,0.000590,0.535,174.341,637.459,342.187,6084.463,1152.517,328.472,1484.052,2636.569,6721.922,1.350,4.100,0.228,0.016,0.135,0.533,0.306,-0.622,-1.127,2.091,-0.272,2.00,-0.64,-1.80,-0.87
1182,Um_Ref_3 pool,Um,Reference,1,3,15.00,Medium,Medium,0.130700,23.642,50.998,25.360,7.628,131.000,0.000,3.090,0.220,3.662,0.261,14.05,342.359,40.570,0.011080,0.555,146.022,904.537,515.575,10541.688,1035.902,583.908,3058.041,4093.943,11446.225,0.790,3.447,0.244,0.017,2.705,0.564,1.608,-0.583,-0.884,2.117,-0.256,2.00,-0.61,-1.76,0.43
