,,,Basic Soil properties,,,,Physical Descriptors,,Soil Organic Carbon Descriptors,,,,Microbial Descriptors,,,,Microbial biomarker molecules,,,,Microbial encymes,,,,,
SITE,SYSTEM,DEPT,Clay,Silt,Sand,pH,Aggregate Stability,Bulk Density,Corg_Clay,Organic Carbon,Dissolved Org. Carbon,Carbon-to-Nitrogen,Ergosterol,Microbial Carbon,Microbial Nitrogren,Microbial Phosphorus,Manosamine,Muramic Acid,Glucosamine,Sum Aminosugars,LAP,NAG,GLU,XYL,CEL,PHO
Abs,Pioneer,5,51.8406,39.585,8.5744,7.826,0.713413082209213,1.21,0.0569839083652581,2.95408,258.51252,13.1878562031305,17.5775251479154,281.33199226007,34.0356248628732,10.1678977161626,0.140264316116164,3.01058245666649,0.95903370611836,6.02555811962067,287.52425313884,29.5791069682069,593.675098633545,207.024917500149,111.811680706214,236.490409954469
Abs,Reference,5,41.1551,36.6807,22.1642,7.86,0.866906474820144,1.08,0.0985314092299618,4.05507,406.12127,12.4771455355615,38.3583235206836,318.784395684217,46.9902368768419,10.2896228329512,0.186056955849805,4.489886559596,1.54693164222644,8.98794245292455,323.729830936494,67.0541579578214,477.621860213702,130.196133630341,76.2614246236515,299.423899740392
Abs,Standard,5,51.3843,39.8715,8.7442,7.84,0.695017614494213,1.41,0.0457702060746181,2.35187,129.46543,15.891044962219,10.2976534560948,127.683580727097,13.4168642278553,7.41202254380904,0.124853431807121,1.84400711474794,0.620207217172581,3.7864598257295,181.07004165783,28.3526487470969,293.902935043215,103.200941584475,40.4169421473781,187.277620139452
Au1,Pioneer,5,31.0134,27.9172,41.0694,7.773,0.647727272727271,1.29,0.114922904292983,3.56415,318.31034,12.6838125003234,8.7599526162489,212.934602674013,35.4541034461707,12.3819927893354,0.131496341995654,2.65388122494279,0.786299502463911,4.96481717791973,299.694028193539,51.5049889011727,547.153640168481,158.951397745838,66.1697665030259,400.180764762632
Au1,Reference,5,12.6872,22.321,64.9918,7.18,0.922558922558923,1.17,0.453448357399584,5.75299,549.8776,12.4254588708242,39.2001893483167,243.282290130397,35.1622190756803,25.2056369377881,0.107116035569389,4.33376977924257,1.19262296017611,7.73703122912375,375.599394346831,73.8497720453037,603.421035317439,146.426445572033,85.7833642313387,441.725044060526
Au1,Standard,5,25.6417,24.9351,49.4232,7.955,0.980271810609382,1.51,0.152684104408054,3.91508,190.81679,17.6354891636648,9.6862581664942,117.335628851533,16.2722530027705,2.02620610959986,0.0991162822995747,1.66392803327622,0.553362342996527,3.26804246144742,186.004186029196,34.4859364322166,473.446581626247,122.262405591672,48.8204317799376,285.605498064144
Au2,Pioneer,5,14.981,20.0712,64.9478,7.301,0.805918788713004,1.36,0.17462118683666,2.616,302.29451,12.6376811594203,14.7175394849096,131.778403795003,13.4517891403641,20.4816725773917,0.0796181564795514,2.07747420931823,0.647750765690741,4.00346978649783,137.33436644937,30.329281295633,212.972564445193,43.0820668518175,23.3647746205322,136.882946213542
Au2,Reference,5,14.1172,20.5795,65.3033,6.976,0.948956946293828,1.14,0.301051199954665,4.25,325.31474,12.2126436781609,53.2982356705904,297.312334853884,24.2933076578593,13.8687646027494,0.127253616610022,4.21931588156405,1.52732900885251,8.33560391931735,369.469204191432,58.7661776094412,354.835020405537,83.1967889141571,56.9610811622144,509.223780635476
Au2,Standard,5,11.8854,20.6937,67.4209,6.808,0.463385354141659,1.54,0.069749440490013,0.829,295.67176,22.4054054054054,15.6758270650935,55.724965526379,12.2590105068982,8.43328192531355,0.063962827816723,1.00476416124644,0.314655223561659,2.03950099464505,100.590078775242,13.4016215270368,59.5198193869585,10.3479086393539,5.04835240249838,346.842636186953
Burg1,Pioneer,5,19.5963,33.0446,47.3591,6.925,0.523076923076924,1.26,0.133800768512423,2.622,232.63216,13.5154639175258,15.7235432581178,131.804280581174,26.3668365913163,15.2257894389927,0.0977721106120504,2.08217537824372,0.620080560148413,4.15971633718878,121.578073382965,11.821461003115,145.414863866747,23.952064048678,14.0391270543427,221.52737980088
Burg1,Reference,5,14.2975,23.9675,61.735,6.108,0.963787085514834,0.91,0.4140584018185,5.92,547.7224,13.2438478747204,33.6107047160726,109.679505866998,17.0226476858932,6.78366889244197,0.111922457555549,3.7296475033114,1.28660256656013,7.63441080568376,164.482695064158,36.12980182101,163.901805503356,22.8594735496512,15.2228570027716,660.422608533284
Burg1,Standard,5,23.2728,27.4104,49.3168,7.137,0.386152256286601,1.31,0.0868395723763363,2.021,178.59052,13.8424657534247,13.5011317053769,98.2980104401612,17.493769476814,23.4031162039932,0.076705519785262,1.4310469865391,0.475544247177136,2.95438885697027,163.826955513091,8.53310359710865,92.4753296937058,15.2602406176003,6.94621849596594,216.867081777993
Burg2,Pioneer,5,14.6992,27.3007,58.0001,6.863,0.623253903040263,1.33,0.188105475127898,2.765,190.71352,12.5113122171946,12.9275154184824,93.9550339535301,12.4698897325046,24.9440578377882,0.0834474114059191,1.83977857293411,0.648641651004184,3.94994830944873,161.549806084339,17.4577062018201,199.364169726473,29.4922900859502,20.8312427665206,318.245385355128
Burg2,Reference,5,11.8473,28.4075,59.7452,7.024,0.838140082401414,1.34,0.232626843246984,2.756,284.09654,14.5052631578947,20.7877506340423,110.442134865106,10.3865780078839,13.5349884185044,0.0704913153023549,2.25563980275233,0.505969056152182,3.98926754192409,292.268870613069,74.9735369154599,388.665848037435,74.3288580167197,55.6784989383214,615.611804222794
Burg2,Standard,5,11.3252,23.6606,65.0142,6.924,0.419847328244276,1.51,0.120174478154911,1.361,155.71846,19.169014084507,6.31991481500654,37.6768402689713,5.62702889785075,7.25371062128666,0.0830400014991633,1.18678129794912,0.483009296537839,2.77710034487024,95.683290335826,16.0621880072842,80.5199870996157,12.6842637311382,7.02520700645024,393.650014049305
Eis,Pioneer,5,14.9812,28.2378,56.781,7.346,0.771518987341772,1.16,0.323939337302753,4.853,417.93895,12.906914893617,19.8696644961853,80.9120778672364,10.7954760373624,-8.26017020946376,0.122034862341314,3.17798689090769,1.08122488658246,6.8476607692404,273.611669330258,50.0458931383749,220.132357029875,32.5087764248132,19.5216613281363,623.006055230319
Eis,Reference,5,15.1522,31.3775,53.4703,6.697,0.932420872540633,0.93,0.355657924261823,5.389,413.84407,13.4725,28.2688385041518,112.873456747314,8.45462011072728,-18.8054382267707,0.109553674950357,3.05228562703871,0.654917364002557,5.21256508654031,299.069247877159,120.100275069551,236.753920351062,40.4725628109566,16.3106563283321,1315.0192658411
Eis,Standard,5,16.371,33.9814,49.6476,6.478,0.867223769730735,1.23,0.200232117769226,3.278,105.62353,14.4405286343612,8.18552942481814,76.720046004367,7.77417288629423,-6.98634949124907,0.16025026433405,2.30125052642809,0.791334435570401,4.84553922116095,148.475967193849,30.3023696903178,100.613650037947,17.4374847908329,6.14276219448229,842.642748490306
Fischa,Pioneer,5,22.5934,57.8646,19.542,7.843,0.196725505244309,1.36,0.0834898687227243,1.88632,200.80704,14.9707675291515,9.57919791417177,136.225371522681,22.4861403781971,4.29212248971739,0.0590699091805715,1.63735565083258,0.501644212280608,3.08641794369182,219.156175228039,21.4924624353485,362.730844651305,82.523902149224,45.5411078660472,149.300539166774
Fischa,Reference,5,21.6014,59.5204,18.8782,7.978,0.477898248540451,1.29,0.0998222337441092,2.1563,312.91785,10.8356856135536,31.4546889813111,213.591583561111,37.0787034162524,6.75426709529239,0.150818987164317,2.19348341230112,0.696952769329023,4.40678877872636,305.634350290698,35.9891829089953,439.504199286256,88.9459940362557,56.577246166678,177.271466368613
Fischa,Standard,5,26.6704,60.3406,12.989,7.944,0.165817626082528,1.2,0.0495440638310637,1.32136,140.77574,14.5204902832793,5.93293242418063,119.818227124687,22.039374530623,3.31757383326345,0.0442521931339336,1.2147561846905,0.470007297272432,2.57083751380436,158.747575476055,10.0350448962153,96.52328169211,30.4373867930958,11.846561253766,43.1697361906729
Grü,Pioneer,5,21.6502,64.1403,14.2095,7.997,0.416343490304709,1.4,0.0860319997043907,1.86261,259.90891,13.5957246769102,11.8408673380554,189.762437251902,20.2443186754319,-4.68208963123193,0,1.88463825561524,0.605880183420593,3.64478658493729,268.154880401249,30.0774647139932,339.479934610402,70.1630000672411,47.1634686598572,213.497747211363
Grü,Reference,5,20.3071,63.6089,16.084,8.052,0.723410404624277,1.2,0.175522846689089,3.56436,437.65903,12.9613177363345,52.6118033928011,320.00377015097,43.0290897062042,-2.01647589378573,0.129646351254712,3.372139252593,1.11891752564895,6.82148594305623,428.243126814922,94.2735323048365,682.779213563379,173.890028588277,92.4631151772924,442.044818539602
Grü,Standard,5,20.6479,59.3249,20.0272,7.867,0.302142051860203,1.35,0.0554894202315974,1.14574,172.50657,9.8770792600001,9.84896095043023,102.450890626089,14.5832742227902,4.74181551500562,0,1.17903602205803,0.369058064764943,2.28173995221713,228.711150576696,40.0108414815847,330.823080996797,70.1427506201613,34.0603362853208,259.683915124412
Lack1,Pioneer,5,9.9994,29.7582,60.2424,7.527,0.860215053763441,1.42,0.182010920655239,1.82,314.42649,20.2222222222222,11.2079809412489,54.4214370853435,2.41916642423654,13.5698066735524,0,1.08927009983126,0.430858373884161,2.47367323866434,151.981996823283,42.5995149023793,126.78820903736,20.3084164123156,16.0664025805662,295.138200209751
Lack1,Reference,5,15.4441,25.2278,59.3281,7.369,0.893604980192418,1.08,0.337993149487506,5.22,447.66724,12.4285714285714,36.4528731990437,228.972739204893,16.4633230407295,33.4009327913553,0,3.03173421260413,1.38994522620366,6.98778043744434,296.150945239972,66.4368283629425,348.532915299851,61.007759079928,37.931040970092,439.312969819319
Lack1,Standard,5,8.3585,31.3611,60.2804,6.267,0.609291244788564,1.31,0.133995334091045,1.12,224.06524,16,4.32030750466309,70.6551303942918,3.02807701689822,0.602662752830302,0,0.790258348904264,0.280090358726194,1.79234755743216,39.9880376581612,11.9002905009307,15.9691486614843,3.80262558006168,0.0924095034584782,274.852701140472
Lack2,Pioneer,5,19.3176,31.8648,48.8176,7.902,0.706484641638225,1.3,0.123920155712925,2.39384,237.98873,11.3992364463096,13.2246197148233,198.282157889668,26.7760307099314,15.9618478034585,0.109929880384874,2.04079273759901,0.646155664344622,4.09972800807286,174.081408715324,16.4103454616282,170.445394112839,38.4236395207458,22.6933633033672,127.205353382449
Lack2,Reference,5,25.3086,37.6735,37.0179,7.403,0.902704209645943,0.97,0.144712864401824,3.66248,431.32813,10.7719986187731,19.5846558227456,273.917943846735,33.4715646468297,28.2921677759321,0.160721379875324,4.10093944899054,1.58808324970692,8.89473759090331,239.005138272397,195.689046441958,313.589048826034,68.8263568235172,30.0766278617754,644.486697531293
Lack2,Standard,5,25.7053,34.1606,40.1341,7.797,0.668250668250668,1.37,0.0725410712965809,1.86469,193.78468,10.3593844562995,7.50410994691579,133.649305472553,23.7934096603979,12.4052027483696,0.103383724592678,1.58925542263117,0.733994304886003,3.9410267158106,114.289532207617,8.88660105031963,78.2551875660999,17.336682949643,8.92325130144439,47.622984469095
Man1,Pioneer,5,20.2066,29.6323,50.1611,7.341,0.563498098859315,1.38,0.113329308245821,2.29,236.41723,12.7222222222222,12.363183303591,133.685393962212,22.1137586316845,9.35988395528328,0,1.5511427674663,0.650997015165837,3.49913188693787,90.219116957625,7.5548907250834,77.3072394076871,14.4277600248915,9.08777614099322,23.3808500981546
Man1,Reference,5,17.8023,26.4058,55.7919,7.511,0.914062500000001,1.26,0.195480359279419,3.48,371.84012,15.8181818181818,38.7095019630182,221.187130657232,24.4001846440487,14.9275986566786,0,2.60553423912815,1.03022795043123,5.40654789587966,151.158289863103,31.5784052567292,212.419424439917,38.3715509679149,25.5518255294664,106.755606880529
Man1,Standard,5,19.6813,29.2377,51.081,7.288,0.428463855421686,1.42,0.0792869373466184,1.56047,157.25853,10.403149100374,8.01743404399593,89.4142508558981,8.97482539768055,11.1905770590851,0,1.03691751074706,0.328200443405562,2.06591123506196,165.780842594435,9.5166488607558,107.539379948135,18.9096787856023,8.61250694285614,56.9920306199433
Man2,Pioneer,5,30.5155,58.9312,10.5533,7.553,0.378620866444501,1.3,0.101779423571628,3.10585,275.01327,10.3528402052607,17.0053624874845,185.418612893668,28.0166201321989,8.80179430346337,0.199810913916803,2.41716868936683,1.01995694177635,5.10377655225145,199.880301439324,17.430956856665,164.773652981103,45.2673045148446,21.0331052863656,116.700597113253
Man2,Reference,5,29.8857,44.4619,25.6524,7.655,0.765916041145398,1.24,0.250317375868726,7.48091,201.19767,11.8744603771787,56.3955218988904,587.657184945544,73.9116753956575,28.4685705019694,0.229187849560291,3.34975662537204,1.70012101814792,8.81375158714089,503.022695220611,64.5871572542628,600.066167377347,211.631352748835,86.6507173971042,391.540579957416
Man2,Standard,5,36.821,56.6423,6.5367,7.576,0.534284985980116,1.24,0.086772765541403,3.19506,201.05848,11.8335435383618,11.8147957832159,180.502120904319,28.7581797824788,6.77288918231984,0.175401752804133,2.09737937108843,0.991559881729484,4.71674792072632,225.060310469467,27.6874198371229,214.197200306208,59.5633326168959,28.146640628814,174.937086303752
Moos1,Pioneer,5,36.7557,43.718,19.5263,7.628,0.815451815451816,1.06,0.128622499367445,4.72761,288.01182,13.1322466165695,16.3059563648889,226.966287094721,37.829651329622,19.8529715714147,0.187728917966188,2.19669707594917,1.10870983551023,5.4013404033165,224.433624043746,18.0170131792564,227.968701807886,50.6430846391101,29.5239839286602,191.217659839468
Moos1,Reference,5,33.5954,42.0285,24.3761,7.636,0.904815229563269,1.07,0.185667978354179,6.23759,440.62243,12.7297852135585,33.1944635054259,365.2915011729,54.9935412030007,16.634094762334,0.180210010510847,3.13281016858119,1.83641224981537,8.38239180368132,572.564283184781,81.1358141881897,601.833245060734,125.850267456945,111.829656488867,582.323592665585
Moos1,Standard,5,34.1098,49.1841,16.7061,7.545,0.604921937020375,1.04,0.120490298975661,4.1099,270.87798,12.843434742499,25.6460504609016,226.932343579317,44.0811862975312,21.9856155536789,0.169446262470267,1.92841407965916,1.1588854341711,4.87686562996298,293.287718648956,28.5346136299253,389.438705625533,97.5377403341468,50.5832852694771,354.831514604912
Ro1,Pioneer,5,12.9595,45.3769,41.6636,6.561,0.699918566775243,1.36,0.165901462247772,2.15,267.42966,12.6470588235294,10.8809638219297,100.452319515463,19.6929561194644,13.5458185319628,0.141696052885629,1.90490906018505,0.866381259557853,4.71451770551534,191.341629418982,19.598358700065,218.815814058625,23.7088608232883,19.8045280855558,423.23679523412
Ro1,Reference,5,15.3217,43.9435,40.7348,6.518,0.955052382561675,1.01,0.298922443332006,4.58,519.166,12.3783783783784,29.0357562218904,153.784689105103,23.4892245010866,44.1384271235605,0.144988661716731,2.34615563256921,1.89406374799596,7.4706444680651,298.300473710454,72.1448626895826,454.264384733976,54.1052366366597,65.0248890039898,1559.02179941367
Ro1,Standard,5,11.4952,42.8678,45.637,6.466,0.473960612691465,1.4,0.180945090124574,2.08,178.71624,13,8.23228270906824,58.9502904252693,12.4200042841509,22.9082701731642,0.0983428117839695,0.429177934056286,0.308858193722189,1.41011727340426,115.046466731122,12.010967140531,92.1508241970521,12.1300456799909,9.0494397610002,585.08337625478
Ro2,Pioneer,5,26.0635,57.352,16.5845,6.75,0.556614349775784,1.46,0.0694457766608475,1.81,201.42217,15.0833333333333,14.5847623101495,118.5629798718,17.8922916210515,16.8818452106577,0.100830020182671,1.26675726461791,0.762417197057796,3.62837566571939,100.537916332988,7.28822219480946,77.9569538061339,10.136581340101,9.35207774854069,147.003571105624
Ro2,Reference,5,22.8937,57.9718,19.1345,6.962,0.842550790067721,1.39,0.118516010954979,2.71327,340.03296,11.3052986074882,24.8895414251312,175.807236771789,24.2074363176778,41.6136932502998,0.126682411781666,1.85277560994513,0.998326888406374,4.97812713189761,164.154332747947,32.8203319242989,214.076792248006,31.5902987275883,27.8909681190946,356.482610848515
Ro2,Standard,5,30.7183,54.4567,14.825,6.665,0.400776053215079,1.45,0.0517606768603731,1.59,164.64009,13.25,8.71892738137134,82.1116165591488,14.3366653932445,12.6074285436839,0.0864485371873746,0.802618793731962,0.498754177209625,2.41567949821555,118.79543896084,5.91809955372474,39.4995469927028,3.93527748740067,2.38198362687979,136.387743585691
Sb,Pioneer,5,27.0708,46.8689,26.0603,7.393,0.354504756575267,1.31,0.0465446163393767,1.26,117.69265,18,10.224179226341,177.042107568366,30.2748754732056,13.5048980301595,0.08339908823894,1.09176213179742,0.552214424905573,2.69837249932922,374.65021546218,56.3255407993908,856.10116421061,184.814821766396,108.381152121076,534.857990128934
Sb,Reference,5,28.7257,45.0114,26.2629,7.645,0.684210526315789,1.36,0.0800676745910456,2.3,305.27138,12.7777777777778,38.2389550216319,371.932432176728,59.5123234938552,33.9597377898245,0.171220927196936,4.88163089039788,2.1904803142714,11.4306788907762,590.424947631177,113.698055171415,1365.61722251543,356.857093109469,267.846362594056,823.210910069977
Sb,Standard,5,30.4039,43.0989,26.4972,7.372,0.454063110862887,1.33,0.0358506638950924,1.09,119.6458,12.1111111111111,6.83178389438371,118.035935129226,18.3216973488496,15.1354794550092,0.0629278726087775,0.461844046243278,0.327784715848032,1.41947436037708,202.093030142514,40.0781053184145,392.31416650603,78.4366298072118,47.0174555466923,300.648409444241
Schach1,Pioneer,5,47.6596,37.7524,14.588,7.837,0.785884850092863,1.1,0.0688385970507516,3.28082,161.70363,10.2525537266851,5.99585733831151,83.8101014532969,12.3583066527668,2.54970761070054,0.105593078908377,0.780004739791626,0.631194912746067,2.80419126485212,73.5208050350429,3.49871297039048,24.0138240693369,2.81213156841198,0.598016811710438,146.443707923875
Schach1,Reference,5,47.8178,34.8036,17.3786,7.841,0.912579957356075,0.99,0.139346435846066,6.66324,676.2262,10.251133857212,16.2717053562252,101.171850262882,7.57637879770842,1.07875674576524,0.106518973570569,1.23555146557773,0.936894794821608,3.9787740668746,159.596575877983,23.4148462459377,83.237156927152,15.7376843605661,7.75756454413431,335.78402625092
Schach1,Standard,5,46.2551,41.4519,12.293,7.816,0.717758985200846,1.14,0.0706252932109108,3.26678,189.43836,11.6670673737662,6.90707736951813,67.9649473464024,19.1070295906482,0.898941979601275,0.0968580694922462,0.620714338531885,0.53081256503556,2.33498147116955,66.0768510988408,2.47023805640874,19.1008883789928,1.40113471316327,-0.630438608781179,26.5264481283222
Schach2,Pioneer,5,18.736,72.3516,8.9124,7.894,0.257070063694267,1.36,0.10203084970111,1.91165,199.21758,19.116523006026,11.8589480860296,197.886396949778,28.8250424429353,14.174962485683,0.136390126752118,1.87046063758661,1.00537761008236,4.93076582836842,147.461669071709,9.67070309534789,150.953403556437,30.4966453184773,18.8802883944912,46.973207390998
Schach2,Reference,5,20.6782,71.1735,8.1483,7.926,0.816601815823608,0.93,0.201631186466907,4.16937,479.654,14.3771286877949,37.0343587894701,394.204736945844,59.2476941152954,61.7276316755282,0.208687533800248,5.453518556644,3.36427904297,14.9713264961732,206.972555704492,38.2072477153214,221.855483532753,36.5434244986217,29.0850724491963,154.31019431075
Schach2,Standard,5,20.5396,70.3831,9.0773,7.837,0.160244960449094,1.19,0.0644038832304427,1.32283,142.23948,16.5353630311865,8.77744081198255,159.191094866286,21.6758120407885,-4.2558545086217,0.125600056226093,1.62175465590076,1.04486030902214,4.67821678334524,188.036649581156,14.9970342562623,229.459590783977,54.6784604368979,24.7453012100473,135.543185595614
St,Pioneer,5,19.7371,59.8507,20.4122,7.839,0.392166967276475,1.4,0.111567048857228,2.20201,278.53343,12.2333845214708,13.0342959354557,190.435437745199,33.4906327441926,11.3250936979456,0.136980865973838,1.49773493714025,0.762719875407799,3.60730684521131,149.050934358623,10.1219216700049,76.0116735859052,18.9092738465736,7.54611944486795,42.3434954347874
St,Reference,5,22.5651,58.6786,18.7563,7.739,0.825986078886311,1.35,0.149107692853123,3.36463,424.10372,12.4615756835503,38.0143690984703,295.979281861357,52.1091111709572,48.9339007770848,0.0917988982667191,1.22723689471977,0.65617721343664,3.19337877677441,420.438257513138,55.9668591563764,560.820983864382,97.623135178124,75.5687229442692,267.834576974929
St,Standard,5,19.579,59.4681,20.9529,7.865,0.355178617322025,1.21,0.0728295622861229,1.42593,157.92754,20.370456288102,4.32955559083243,81.9470733673256,14.3922584384651,4.84447750451898,0.104357745285214,0.733956291166908,0.530876115147098,2.20706135748672,143.517724972983,9.93233952059869,90.0292029900964,14.159813778918,8.6847578315834,43.6859137522799
Ther,Pioneer,5,15.6213,24.6659,59.7128,7.803,0.846153846153852,1.299,0.330379033755193,5.16095,177.87212,9.73763366261205,13.1656029820372,194.810598119893,28.6163441958108,-35.1849886940818,0.225313771458606,2.08612289667415,1.08861499937692,4.8814395442106,203.536838157981,13.1965967844166,192.502513151396,50.2562304015132,25.8337843151547,87.4312695585968
Ther,Reference,5,21.5154,23.1983,55.2863,7.775,0.902796271637822,1.125,0.339504262063452,7.30457,484.6828,9.01798839010636,91.9400064951612,581.452491283891,91.6801129249068,55.1745188221479,0.267856325990691,3.40409064915046,1.89970991244986,8.31883272298654,647.509345646834,77.0919363529073,788.914672601218,235.678570465699,132.825387611578,403.752443378834
Ther,Standard,5,18.4727,23.9776,57.5497,7.755,0.74231912784936,1.324,0.236344984761296,4.36593,174.19481,9.09568059128519,8.65901874369511,190.774354298223,33.9637069584672,-63.5922073412798,0.18818983004173,1.75430723178994,1.07300138708382,4.5348464339925,241.628409008951,22.5106304741257,277.136184996936,67.7668268984431,33.0937476009983,143.187338171972
Um,Pioneer,5,27.6468,64.7581,7.5951,7.565,0.549769112365316,1.16,0.0687240476293821,1.9,240.75008,11.875,13.2240564373469,168.44555511341,27.218336649423,21.3148376176522,0.105943139401195,1.19515100959454,0.814270383246697,3.61450176985523,117.087630939831,9.15024481142406,110.303277300885,18.3715655949415,11.5886911865931,125.403872047906
Um,Reference,5,23.6421,54.6599,21.698,7.753,0.905867970660147,0.79,0.323394283925709,7.64572,506.3246,11.2437090658793,118.819147092132,390.392734416859,56.3160461557445,51.168793134056,0.188424464526312,4.64794877633821,1.77323729995927,9.86214128690918,925.470660814724,132.347989519521,1046.80629280719,228.948263351443,167.468475538281,931.278022959222
Um,Standard,5,24.1071,67.5657,8.3272,7.197,0.28346253229974,1.32,0.055759506535419,1.3442,179.73996,16.8024931457971,9.21275114087864,79.4362628569341,8.63741578224397,8.41042294601309,0.0870185927650596,0.634615375110002,0.538159820183199,2.17915733601316,79.6361206759638,5.76914414317956,47.716570982122,8.16754944799171,3.82996163266446,128.163859334297
Abs,Pioneer,20,51.8406,39.585,8.5744,7.785,0.814328960645812,1.21,0.0467596825654024,2.42405,143.43831,13.773018293634,3.87205817737269,187.429376573629,20.1891907689475,12.0502569889692,0.102660547943194,1.62270837703939,0.827709986056686,3.98695467224573,221.137133714694,29.5519059665762,374.302433330472,83.7024771441161,46.0485057596671,292.158879474164
Abs,Reference,20,41.1551,36.6807,22.1642,7.915,0.73910801753029,1.08,0.13332490991396,5.487,325.87599,23.7532467532468,9.36879517278009,298.109954919365,36.431684197639,25.3243750493987,0.0667791216064734,2.39396257424142,1.20110514052859,5.62555620719665,351.530799920475,76.5618362616986,505.004897290022,125.769997751832,75.4316108267145,464.33647371335
Abs,Standard,20,51.3843,39.8715,8.7442,7.85,0.715541049460206,1.41,0.041535060319981,2.13425,116.43096,12.9348526051367,4.16824074178757,166.694809788209,11.9741160902169,12.7493385518313,0.0771722429790214,1.33663455161874,0.716817125014885,3.37321496432586,194.307797074709,18.551685900515,201.510186975064,52.3276668797367,27.303877477556,232.934149231485
Au1,Pioneer,20,31.0134,27.9172,41.0694,7.858,0.656931464174455,1.29,0.118305313187203,3.66905,297.57103,12.3122514880431,3.0189406253552,238.956566414101,28.6733805945386,19.6385035784367,0.119844835364293,1.91604790072504,0.902109474039613,4.34845302727178,159.43315528753,29.4434064564321,358.261511598114,92.9174813519371,38.6416422422617,375.642452597047
Au1,Reference,20,12.6872,22.321,64.9918,7.044,0.859906604402937,1.17,0.364674632700675,4.6267,527.9215,18.5068199045416,11.8198810387306,248.637210417469,27.2005023528159,16.5661040685324,0.0532219289529033,2.36594421850899,0.943659919076451,4.76105205709943,188.924183837273,31.9761941023521,256.033897669445,40.3912132462918,22.3703452440865,323.937951480996
Au1,Standard,20,25.6417,24.9351,49.4232,7.948,0.531558608844998,1.51,0.120245927532106,3.08331,152.17136,18.5741604066702,2.25458689319431,143.030040751651,10.8106564175431,9.85113257517932,0.0544933591721425,0.887243791884208,0.434170177820104,2.0222730286944,149.307718264804,24.5640134455327,254.602473620145,47.7604058294424,23.0953940320674,287.485787134702
Au2,Pioneer,20,14.981,20.0712,64.9478,7.277,0.760797342192692,1.36,0.160469928576197,2.404,260.05259,12.1414141414141,4.69318489020634,171.347621801052,8.54812854827721,14.2685474913694,0.0466744996386779,0.628663706517606,0.300912340412402,1.46453719081187,171.242419832828,16.817986059797,146.918203102331,21.914161667659,14.8921775784923,161.61116093188
Au2,Reference,20,14.1172,20.5795,65.3033,7.075,0.917184265010354,1.14,0.245941121468846,3.472,283.0369,11.7297297297297,9.63955572059873,201.295748131377,6.97251229998922,34.9901996313507,0.0563324496658445,1.44034631434124,0.865045851815781,3.71697602849034,141.67415484269,28.1487928850641,161.56510821081,28.8615661163492,14.1913080400561,458.655630762607
Au2,Standard,20,11.8854,20.6937,67.4209,6.712,0.337879727216368,1.54,0.106601376478705,1.267,130.43078,13.1979166666667,3.03748173819073,60.5512225594307,3.74060506334425,0.812769665133717,0.0397981171609282,0.524621529998311,0.285754184073184,1.34712078783948,64.0604273643555,7.30461754582688,32.8935894532559,5.62936063741911,1.54159165942729,273.132352651152
Burg1,Pioneer,20,19.5963,33.0446,47.3591,7.392,0.502317290552584,1.26,0.0860876798171083,1.687,218.91521,14.4188034188034,6.81778391389014,166.082912069812,18.2126796069245,21.0700770682636,0.0667766477078993,1.45438885259243,0.72150120999144,3.72540798866605,86.8431065582171,10.2405764480279,70.2905646632428,11.6633757908697,4.11730197561374,227.086643063594
Burg1,Reference,20,14.2975,23.9675,61.735,5.91,0.942442173211403,0.91,0.085609372267879,1.224,468.4739,24,10.4192557096695,126.366563926701,4.05442516521877,3.09443380275082,0.0639764960041553,1.72228338659386,0.614223707153897,3.56804643031018,58.8703001837004,19.8512157255967,33.1414140506151,6.52193046659122,1.73153836023966,378.02618100682
Burg1,Standard,20,23.2728,27.4104,49.3168,6.851,0.383785664578985,1.31,0.09401533120209,2.188,171.00691,14.5866666666667,5.00671785453936,96.4270914012681,7.40133895247403,19.5966667218868,0.054531418891479,1.0761544250437,0.468696679568077,2.54324306184269,94.818170844548,3.79569281147818,57.5006718803502,7.36275890775991,2.81004593920411,130.80300678261
Burg2,Pioneer,20,14.6992,27.3007,58.0001,7.277,0.491295938104449,1.33,0.116877108958311,1.718,185.04714,12.7259259259259,7.8266741566112,142.93475186173,19.9409057796043,19.9824352737442,0.0557172717928741,0.957715527775908,0.439617784141681,2.30850719783676,104.324134489674,7.87604258072167,75.8834046092067,9.88423490511973,6.13532096578665,217.378678034658
Burg2,Reference,20,11.8473,28.4075,59.7452,7.062,0.640391550747036,1.34,0.186118356081132,2.205,223.76441,13.695652173913,8.68102972463506,155.076457854341,16.7141459887279,17.7416495353977,0.0519711733524782,0.912507880236089,0.427560036782969,2.20166893881263,141.509412387808,24.5383395114551,140.476823533916,24.7718929452439,13.927121857579,383.397778002207
Burg2,Standard,20,11.3252,23.6606,65.0142,6.967,0.39524940617577,1.51,0.126178787129587,1.429,165.3989,18.3205128205128,12.9917594525796,75.3567590885772,2.49501000263349,21.0708957760755,0.0546321384220333,0.735041554797856,0.353401063976733,1.82584729508626,66.0798216715078,5.74196480284942,49.0747030838414,7.20035165732611,2.98691031552132,341.949428140218
Eis,Pioneer,20,14.9812,28.2378,56.781,7.197,0.943639291465378,1.16,0.386017141483993,5.783,472.2455,15.0992167101828,10.7762983144815,137.596419931131,21.1081399324755,4.77594973408785,0.106348273239842,2.56582678458325,0.883734982525301,5.53990043993432,74.7458228344153,13.1250974838295,43.6114705746289,7.77008586523052,1.96515728838476,375.507159816641
Eis,Reference,20,15.1522,31.3775,53.4703,6.436,0.905545927209704,0.93,0.325431290505669,4.931,304.34644,13.255376344086,11.5091031931645,144.393721328415,12.8047262310104,7.12511067013574,0.0949165651237867,2.26955337682389,1.18277944911161,5.68499483965142,109.953950194693,29.3535045604749,49.8990465396,15.8277193617678,2.2228990304255,895.183140138894
Eis,Standard,20,16.371,33.9814,49.6476,6.519,0.70721003134796,1.23,0.202064626473642,3.308,267.15128,14.8340807174888,4.56528715748102,73.7538827321915,2.33366697169494,18.7535479935772,0.08460840913078,1.20319688571454,0.534369975868553,2.82996235644879,109.27622476459,13.626009554404,42.7320026620577,10.9408681784155,1.78424904494256,614.539906289998
Fischa,Pioneer,20,22.5934,57.8646,19.542,7.992,0.189694950012818,1.36,0.0752839324758558,1.70092,168.38026,14.1743563916972,5.27100516888198,138.374501129519,18.7279647361536,13.5354292260152,0.0721657146849213,1.25916198432008,0.555764097241616,3.00311423769129,252.31109059286,29.6800137087043,288.263351934763,44.2909790700519,29.2592179062975,282.932463902115
Fischa,Reference,20,21.6014,59.5204,18.8782,7.992,0.373458445040215,1.29,0.080109159591508,1.73047,233.07218,10.7482782927721,11.5840511405614,193.353233054168,20.5198940377438,11.2558774597631,0.0546582071764585,1.53943975932046,0.699951268726286,3.47327496781022,292.949427052083,47.7936597865678,397.373878089237,62.2494481533243,40.4901756065744,300.496883024696
Fischa,Standard,20,26.6704,60.3406,12.989,7.95,0.205889819751206,1.2,0.0567820505129282,1.5144,124.56235,17.2090732768801,3.26693173243792,110.221804860916,17.2577526381889,7.64490622488668,0.0583691062337648,0.988946457003104,0.538451726215857,2.44625484241186,158.204871065955,24.6033749613456,180.563993145438,28.2760221388594,19.4223191216385,176.992390074034
Grü,Pioneer,20,21.6502,64.1403,14.2095,7.924,0.315183833847881,1.4,0.0629666238649066,1.36324,200.34906,13.3651056555323,8.20016515958245,133.56001996982,14.1199830559336,1.79409182352215,0.0307709792804815,0.738024708482463,0.341857647906012,1.66606344458824,143.216897133737,17.0031140807973,146.557180743862,18.7100524259818,11.4220950796301,177.704487477856
Grü,Reference,20,20.3071,63.6089,16.084,8.005,0.396372286648824,1.2,0.0878037730645932,1.78304,225.56939,15.371020980005,11.2042309122214,146.638018376444,11.4580536005333,13.9137629566636,0.0445677281081714,1.14577161687471,0.46288265253261,2.47584069749238,219.212062434259,46.4829457733724,340.317435444095,52.5615313377295,30.6253678044898,337.686532011112
Grü,Standard,20,20.6479,59.3249,20.0272,7.838,0.213303396014596,1.35,0.0517253570581028,1.06802,169.97421,17.5085551749764,5.22021479089062,117.67659279186,12.9734149695991,5.39235621972822,0.0303704975971957,0.69008603255634,0.298505876794311,1.52591854113122,161.192718663936,26.9717457666716,231.044598166224,34.076929845824,21.5370352281282,212.889246202541
Lack1,Pioneer,20,9.9994,29.7582,60.2424,7.308,0.750897343862167,1.42,0.13900834050043,1.39,256.71203,19.8571428571429,3.02632435398844,49.2047454873083,-0.615059318591353,4.02615163776465,0.0575712262533943,0.700295614703015,0.311797641397601,1.69534055987683,87.1923925341085,10.3768267529646,26.2857830705085,3.73085919606015,1.55211869391841,214.685077339091
Lack1,Reference,20,15.4441,25.2278,59.3281,7.521,0.625277161862527,1.08,0.301085851554963,4.65,370.09351,13.6764705882353,12.3492452616737,228.796031747532,15.3315273071674,24.7884412187825,0.0841513203242361,1.98833238538363,1.18507276330938,5.25607749374795,125.091735124722,22.4666456266671,131.567197071612,22.7156212394623,14.861849233399,239.224242693539
Lack1,Standard,20,8.3585,31.3611,60.2804,6.143,0.597826086956524,1.31,0.136388107914099,1.14,230.39165,19,4.76192185833974,112.646469555206,7.41702701531131,15.7574851623039,0.0452257459572514,0.500600834612288,0.2017680128931,1.21308382097898,25.0688636744802,6.85532586623432,9.38310667543634,5.01587016489104,0.532278602874843,220.474790902925
Lack2,Pioneer,20,19.3176,31.8648,48.8176,7.936,0.619868379818237,1.3,0.107987017020748,2.08605,207.45673,13.9069964767057,4.24011311144129,176.461795587982,16.453463606161,25.6184196514708,0.0437339614145208,1.10218137637973,0.49842054051606,2.51970895597413,119.871267324312,14.8163638500021,60.5235966650166,11.7940558830673,7.00252471357061,117.490655037629
Lack2,Reference,20,25.3086,37.6735,37.0179,7.669,0.867298578199053,0.97,0.123278253241981,3.12,303.69539,10.7586206896552,7.45766066226488,209.35107090112,15.3759232931898,28.7301295097325,0.062929134269107,1.77795275866136,0.847244801450485,4.25100601080774,130.825964472609,23.3731148310699,80.0959202787884,22.4833615628206,7.97348597819952,294.663441585265
Lack2,Standard,20,25.7053,34.1606,40.1341,7.75,0.673615247170935,1.37,0.056683252091981,1.45706,178.30765,10.4076024989924,4.03587765264857,120.741020503463,7.48145388402448,11.3310235203161,0.0901052880157283,1.30325226141222,0.604363355089331,3.07416060332279,81.6958494228913,9.3838582901238,63.8045445038837,11.8591396259601,6.44514218133209,82.0580097139941
Man1,Pioneer,20,20.2066,29.6323,50.1611,7.286,0.457404458598726,1.38,0.108380430156484,2.19,170.64322,12.8823529411765,4.56894519397397,91.0179365502367,7.27960813678626,10.6967428403859,0.0579789184605312,0.998119097068875,0.523879729613304,2.47432952170998,82.7172115199859,4.10046441630148,35.986680528493,5.56351742986405,2.84167076605329,22.6886707955544
Man1,Reference,20,17.8023,26.4058,55.7919,7.439,0.824619771863118,1.26,0.137622666734074,2.45,317.6099,15.3125,15.9306551118662,154.09434634325,16.7214834813332,14.399179028179,0.056827061119447,1.41081447288026,0.746912253422374,3.54266567344144,95.5964317581818,5.66264579495592,37.914682247981,6.28905783346504,1.98848872347887,22.4998871910821
Man1,Standard,20,19.6813,29.2377,51.081,7.244,0.369346733668344,1.42,0.0753502055250415,1.48299,144.4755,11.4076058762823,2.91931870999099,63.9494803398537,6.10544951590594,13.7588323752326,0.0442121050944161,0.980718358834931,0.402236604870477,2.17536364149793,96.6992076597723,3.63537648900495,34.2441970366619,4.40225142832689,1.99198036269152,18.6711858957613
Man2,Pioneer,20,30.5155,58.9312,10.5533,7.431,0.355862775217614,1.3,0.0924061542494798,2.81982,194.539,11.7492617104163,6.29713213929543,165.828357811314,24.2624998405731,12.7416363255853,0.0780668123022921,2.02890625569629,1.08321985088468,4.70178511875107,197.424666190182,20.6569935400437,179.848839534089,27.6281005504083,16.9225170547922,200.165515975309
Man2,Reference,20,29.8857,44.4619,25.6524,7.621,0.93817494600432,1.24,0.157377608689106,4.70334,201.19767,12.0598369458657,9.91447268349054,247.443946374101,28.7673223715772,18.0132077456131,0.0187769666277726,2.86606739927969,1.49393911153783,6.69207802313726,287.483392748579,36.8152595139956,235.42108091668,57.6462508946214,21.6266099571017,375.105921021313
Man2,Standard,20,36.821,56.6423,6.5367,7.548,0.473765432098765,1.24,0.0875940360120583,3.2253,188.73343,12.9012146874181,7.62823707862608,208.432411850589,35.5907265029465,9.48294439641831,0.0487940096444337,1.69303104612139,0.836650865329649,3.77009319783449,268.523341767677,34.0318549393921,263.683731519746,58.2079854081491,30.6651157588996,254.623389826621
Moos1,Pioneer,20,36.7557,43.718,19.5263,7.807,0.729395973154362,1.06,0.110847569220556,4.07428,254.39968,13.1428547911114,6.41212933465205,260.527135755488,40.3273957804465,5.2679434939709,0.0190419941259446,2.47249713588604,1.16991548997013,5.53272534420789,146.333085910921,16.5479592438005,163.619543870163,33.9620682637817,17.3727997521318,220.149331134291
Moos1,Reference,20,33.5954,42.0285,24.3761,7.288,0.884975233902037,1.07,0.128914077522518,4.33092,387.88738,12.3740641814367,16.3157908263943,330.241657481333,48.519129117238,15.4220228426986,0.018056254465662,3.4640784335265,1.76403817113211,7.97135272190484,268.840401062667,47.4130776767416,312.930995836693,48.609344489931,41.3363726846958,366.349320233693
Moos1,Standard,20,34.1098,49.1841,16.7061,7.504,0.601029252437703,1.04,0.124438431184,4.24457,258.57538,14.6364491049384,6.30345940141655,238.523838207517,37.8563135028213,12.8737369556844,0.0181897353812397,2.33204077463823,1.05366173438101,4.94757191686817,368.521132419988,39.5401167040721,312.440255442915,53.1097231303946,34.5654169143185,353.273548758608
Ro1,Pioneer,20,12.9595,45.3769,41.6636,6.571,0.586666666666667,1.36,0.135807708630734,1.76,185.11898,12.5714285714286,5.83997076433934,107.790519362674,11.941346270008,20.7024620973621,0.0164685921182564,1.18482242387233,0.59232549459206,2.93844335170522,92.135883439312,11.7806303893191,98.5331434653704,8.9633563817567,7.88168049752681,286.196623720467
Ro1,Reference,20,15.3217,43.9435,40.7348,6.542,0.736707938820104,1.01,0.100511039897661,1.54,437.96884,17.1111111111111,9.12939836093302,129.495946274893,14.1297876497611,31.0024225580573,0.0198144544041736,1.21320591021729,0.814886129072304,3.44801578844403,126.905439636319,11.0129597403153,54.6941370515503,6.39810251041619,3.29467815547985,370.729979137805
Ro1,Standard,20,11.4952,42.8678,45.637,5.933,0.671271840715155,1.4,0.1844248033962,2.12,203.75248,12.4705882352941,9.06667702171356,100.945761221143,17.1404993562895,31.4631201098613,0.0131277429994759,1.46179725079325,0.873255868382279,3.93400824817648,100.032774220104,9.4860888707948,78.6779182893854,9.99990430870313,6.22919796191131,520.077656303062
Ro2,Pioneer,20,26.0635,57.352,16.5845,6.842,0.486951534270146,1.46,0.0583191052621482,1.52,152.85833,15.2,3.48995154408653,112.21328929007,16.3135876352006,18.8946023493156,0.0158766258029369,0.677427524656141,0.247950316839043,1.42337525767214,69.7619455868911,2.39220728262928,26.3919668424301,2.17305210055414,-0.146969999344734,39.4067618275957
Ro2,Reference,20,22.8937,57.9718,19.1345,7.046,0.635422656699253,1.39,0.0786447800049795,1.80047,274.7753,12.0031104198279,14.2531155200068,157.409123439882,20.467616496001,30.6644004233828,0.0203471384867917,1.50403227640017,0.742181476812335,3.87666340497219,50.4484281436763,11.971832882959,70.8572806870322,6.78852612271826,4.37136241668282,181.109866840971
Ro2,Standard,20,30.7183,54.4567,14.825,6.445,0.560158910329171,1.45,0.0468775941376964,1.44,157.41568,20.5714285714286,5.63921982947788,86.4999452866556,12.613342190865,10.3929635236656,0.00817752157076352,0.865350676189739,0.506748765596096,2.38682061253149,104.062670911697,5.60541607767256,41.0115854910687,3.26182716690136,0.881954683971853,135.440405407857
Sb,Pioneer,20,27.0708,46.8689,26.0603,7.19,0.355903749300505,1.31,0.0458058129054184,1.24,116.04033,17.7142857142857,3.80822589508312,147.847408063471,27.6941243704665,7.86621763528532,0.017755188075863,0.882508309098847,0.43285860247335,2.05567257094082,191.668966033004,38.977104774781,354.46532292616,44.172118905937,30.2616174027167,323.924592892002
Sb,Reference,20,28.7257,45.0114,26.2629,7.954,0.462657342657342,1.36,0.0443240721723056,1.27324,134.98813,15.9155591304424,16.3416744983917,271.483719074179,44.0477826968493,25.8193154862605,0.0134999710088328,1.44247810990887,0.647734313117714,3.2144662962266,433.152234579967,60.3916899761457,505.470594535828,76.1410758690855,42.6987039795976,482.005161395766
Sb,Standard,20,30.4039,43.0989,26.4972,7.479,0.411433399042523,1.33,0.0312459914681998,0.95,259.06479,15.8333333333333,3.64776919507399,116.698666566257,17.4830677246437,23.7950225265579,0.00740506653878267,0.643729063979718,0.336141599206771,1.53351761171042,149.621059700132,35.3562877139273,229.360695892346,39.3385118116154,24.3484951678742,257.234335655363
Schach1,Pioneer,20,47.6596,37.7524,14.588,7.849,0.81952506596306,1.1,0.060895811127244,2.90227,193.07526,11.6090689013845,3.16595973233705,94.9975455564866,7.89261552541062,3.13695746265981,0.0249798438098169,0.76965060984098,0.513841928240842,2.39649760595154,45.8639893761164,5.08860518490563,21.0947376073753,2.50703220102998,-0.661520953572376,71.9815493013128
Schach1,Reference,20,47.8178,34.8036,17.3786,7.818,0.851461038961038,0.99,0.113019210419551,5.40433,478.8458,9.65058405324067,4.66460227347623,104.209893941694,10.2128857309441,7.103090716713,0.0111535874644266,0.935398364711967,0.523929643279603,2.48620154641469,101.959268215005,7.56684376073468,30.3632141282909,4.22127988886161,-0.268818991810152,188.972701600795
Schach1,Standard,20,46.2551,41.4519,12.293,7.943,0.72636815920398,1.14,0.066116385004032,3.05822,176.03122,10.9222177647637,2.88865361332765,72.2511790718319,9.6092641078383,15.4013264496844,0.0178444685062815,0.690883414443534,0.427790917849791,2.04522130067475,22.6116405466706,2.64823107477099,19.3671026213261,2.01351844422147,-0.735312196353916,41.6154506184832
Schach2,Pioneer,20,18.736,72.3516,8.9124,7.928,0.147245493780149,1.36,0.0710781383432963,1.33172,169.4848,16.6465153909885,8.98411474512212,227.454451715354,35.9527601361759,19.1065788097091,0.01372941735732,1.62446208605425,0.78745993550202,3.86383176807794,170.284577980397,13.5653814808755,119.656232778755,23.0959524297626,10.8643310324068,125.667195097788
Schach2,Reference,20,20.6782,71.1735,8.1483,7.873,0.628966223132038,0.93,0.14875085839193,3.0759,382.94838,13.3734701571896,13.5518173410928,336.327161776145,52.1766184429674,16.1241540333052,0.0114607866093903,4.47883128545946,2.40643269203256,10.8740594892256,169.601182608284,13.6247262143252,58.0298417280385,9.98963989365568,3.47395900608354,84.7963348973869
Schach2,Standard,20,20.5396,70.3831,9.0773,7.931,0.131525595539787,1.19,0.0586311320570995,1.20426,131.88105,15.0532585856102,6.1630553316881,184.979244560356,28.8736605912921,16.3409277717017,0.0211133538990313,1.37957292526188,0.703167200168183,3.32545974045045,344.932706759914,52.5263434705144,589.369090814642,105.362130786914,57.932377995438,779.364463492395
St,Pioneer,20,19.7371,59.8507,20.4122,7.799,0.288659793814433,1.4,0.0870933419803315,1.71897,241.89054,13.2228130144866,6.05851725066162,162.428392643907,20.9816854736882,9.83556510947763,0.0164058832642222,1.13742299328362,0.509889328104771,2.47884065063032,179.60018337744,11.3806996384713,92.6691504246652,10.2451539886471,8.85440731299136,75.9782120142705
St,Reference,20,22.5651,58.6786,18.7563,7.747,0.505016722408026,1.35,0.109764636540498,2.47685,310.61448,14.5697280931147,11.7092911887854,219.036107745856,30.7580682560461,10.5938233123355,0.0104885456368212,0.950471285609643,0.471529365055972,2.23715161038167,130.812615640484,18.8381783989661,79.4799325758526,12.1702844166212,4.61314850139429,34.995107703438
St,Standard,20,19.579,59.4681,20.9529,7.731,0.448161389172626,1.21,0.079872822922519,1.56383,158.08469,31.27656001371,3.76896536789754,103.520861764539,16.3553982458513,10.0651044974597,0.00684960572388553,0.681015027813126,0.38261520140823,1.65276470656661,223.787287456256,27.8719844582815,221.410977439041,29.4731992047762,19.4620006996651,180.665046657925
Ther,Pioneer,20,15.6213,24.6659,59.7128,7.847,0.798457087753133,1.299,0.307696542541274,4.80662,359.38486,8.90114900683351,7.07817467945274,295.646287913699,46.8814827126545,-0.256861593644186,0.010123416672932,1.84408726218849,0.845231496449668,3.9342638909685,198.67471785975,15.5173763999206,203.231513203891,38.0262775160275,21.2160257695723,97.3815876695306
Ther,Reference,20,21.5154,23.1983,55.2863,7.866,0.880913539967366,1.125,0.30610353514227,6.58594,435.92589,8.89991821424238,34.8808159959122,499.262799529263,65.6206178091752,0.949022924390114,0.0171924146639107,3.42564608223517,1.70890609861211,7.73142939911218,599.130796352489,69.5239132540092,683.083133160886,154.409980613738,73.5381907711259,380.413127220092
Ther,Standard,20,18.4727,23.9776,57.5497,7.801,0.717877094972071,1.324,0.22784108441105,4.20884,210.39768,10.5220986038785,6.11237581447918,221.724783302574,32.9871487645652,12.0972658904657,0.0151831333439128,1.19622908278531,0.599992980596762,2.62975687829254,191.231441525953,13.1056754322901,165.530244538618,34.6850664755595,14.3982832079921,91.8099648094623
Um,Pioneer,20,27.6468,64.7581,7.5951,7.421,0.613736121869353,1.16,0.0625750538941216,1.73,189.61347,13.3076923076923,5.21066973179165,178.714466436931,30.4846270268212,20.2922725543814,0.0128876615319646,1.26426460279751,0.734737549389078,3.31622046493214,47.5929361415127,4.7512877940033,47.1121853895902,6.17941286220987,1.83883237762497,17.0295866809456
Um,Reference,20,23.6421,54.6599,21.698,7.778,0.732730982220926,0.79,0.18314785911573,4.33,436.56796,12.3714285714286,28.6430018582527,313.764333713254,61.1905213311906,36.9096833296955,0.0163995550162987,2.22234846150817,1.35242151309166,6.05335219090743,205.828963770371,27.2491337953539,178.242948286121,26.5715161843118,17.8463827545119,198.825222469981
Um,Standard,20,24.1071,67.5657,8.3272,7.08,0.316376849208408,1.32,0.0442230712113859,1.06609,173.64703,13.3260780581742,10.8893812085146,109.70501523758,11.9320821717775,13.6288080079284,0.028258442647229,1.49437361669438,0.744347889709691,3.55468286467404,52.1504372967867,5.76134406473449,40.4277954024496,3.90186696109774,0.0492840703716634,89.2656818649577
Abs,Pioneer,35,51.8406,39.585,8.5744,7.865,0.796104224639516,1.21,0.0578124095785928,2.99703,136.57759,15.4486187241837,3.84253395539428,181.182009113271,26.2892847206197,10.1581505594177,0,1.6328276639005,0.774237196818361,3.71019169072864,156.515248540382,33.0980389997349,309.895719661546,74.3566051955113,36.8132082989051,191.623280893833
Abs,Reference,35,41.1551,36.6807,22.1642,7.839,0.648925281473899,1.08,0.118770213169206,4.888,285.61416,22.7348837209302,9.16531347531133,304.322053424986,35.7231479555792,28.2053525589665,0,1.36631745929197,0.506899910271278,2.7038147953607,447.7610817792,158.126944507085,633.866056273141,143.883933991846,106.602822461372,562.959552492175
Abs,Standard,35,51.3843,39.8715,8.7442,7.87,0.692385021362152,1.41,0.030556998927688,1.57015,82.1992,14.9537906414313,2.42790094102099,100.036777525935,13.1896011032967,6.29404144573215,0,1.12879731200468,0.542443446375865,2.56492473394556,195.311746717346,25.309642617026,250.549716723456,58.5040618692393,33.9114947720024,170.036199717503
Au1,Pioneer,35,31.0134,27.9172,41.0694,7.911,0.63021420518602,1.29,0.0864561770073581,2.6813,238.95857,12.0779363530679,2.78008313549213,165.988299943845,27.8822749827032,14.1635405702995,0,1.69132278243249,0.754954006076187,3.54280028850978,238.873477626457,60.6445589712759,428.796788979286,120.106415385911,66.8167090022174,471.442751166937
Au1,Reference,35,12.6872,22.321,64.9918,7.107,0.753215434083602,1.17,0.30588151838073,3.88078,375.60723,12.6822778528956,6.03796320200817,190.870029435506,24.0792517565692,9.68995949177211,0,1.88655756682566,0.66271513285158,3.47018907495266,307.446006834238,61.7568631799338,457.150035289387,76.0130936863337,48.6392241136044,408.354530795271
Au1,Standard,35,25.6417,24.9351,49.4232,7.996,0.551486428263677,1.51,0.175748097825027,4.50648,128.76948,29.4541495656434,2.36992477006387,120.34428136033,15.2676165918163,14.1990079622856,0,0.985679602728068,0.404302937963685,1.99257514945827,204.614801317131,48.0558482429258,393.810293096968,83.6575362516277,34.5793120776948,379.040324203063
Au2,Pioneer,35,14.981,20.0712,64.9478,7.365,0.715815485996706,1.36,0.193645284026433,2.901,266.28022,14.505,4.2459075246716,151.064720787045,8.06895894312723,9.76298303923831,0,0.803139821709434,0.29192068997089,1.60631664342278,124.065519862796,24.7572601329384,204.47741567854,26.0861868082346,28.0870056038359,192.126879648392
Au2,Reference,35,14.1172,20.5795,65.3033,7.284,0.884074282498595,1.14,0.254866404102797,3.598,254.09436,12.4498269896194,8.90466675097755,150.482413810883,7.32177071642017,12.6651969523544,0,2.83001014685249,1.10929170622746,5.67607241767666,254.084602362339,49.1686310887985,260.342322551433,40.576735699705,25.4600530543924,596.742766200978
Au2,Standard,35,11.8854,20.6937,67.4209,6.606,0.322314049586776,1.54,0.11442610261329,1.36,127.39554,12.952380952381,4.25362818310144,51.6414630749264,1.55234545303271,6.19633711577711,0,0.76869403768575,0.397823623467437,1.8387374024846,38.2333879866295,8.26490176076207,29.7376870484346,5.1518691128186,2.25969994326133,250.986042874961
Burg1,Pioneer,35,19.5963,33.0446,47.3591,7.22,0.467638691322903,1.26,0.0508259212198221,0.996,152.12197,16.327868852459,4.91693857679848,103.509609048265,18.6292942930622,17.6208386903555,0,1.17809097942956,0.503563418656877,2.71985368903528,143.528958074627,24.3198165536141,225.959978337013,34.6092936431797,24.9206337826653,412.845361795893
Burg1,Reference,35,14.2975,23.9675,61.735,5.979,0.812707182320441,0.91,0.266060500087428,3.804,392.03165,15.5901639344262,5.84051018947064,63.7502189278307,3.32355417834835,14.4160623525165,0,1.40752649337833,0.649679760701033,3.34343654830248,130.946792796951,32.3929576118623,84.9056844222173,11.1603336530513,3.72405588934009,538.890274494807
Burg1,Standard,35,23.2728,27.4104,49.3168,7.21,0.408553546592489,1.31,0.0840036437386133,1.955,171.40652,17.3008849557522,2.85877722266443,103.856220553992,15.8001830504216,23.5016399294735,0,1.12716115610261,0.391219195434119,2.32225784138512,72.1178532610905,6.22356605443041,63.28977711096,8.18534115964444,2.71566859908818,150.455546074285
Burg2,Pioneer,35,14.6992,27.3007,58.0001,7.201,0.310795666791184,1.33,0.0977604223359094,1.437,139.53201,17.3132530120482,2.75133395663012,56.5888484656816,6.03807643644672,14.1710169802443,0,0.886037660349188,0.338390393716046,1.94479864975272,161.971118898829,24.3666479317182,242.638990056813,29.4467352631604,21.9220946293701,423.898893409779
Burg2,Reference,35,11.8473,28.4075,59.7452,6.997,0.435426008968611,1.34,0.136486794459497,1.617,170.23463,17.9666666666667,2.95737475383789,37.7241188719813,-2.37270850718618,15.143794569601,0,1.10768717342071,0.439534528106452,2.39255455463337,231.154687226579,71.4525496144695,419.712430206901,71.5543150777114,48.3728443819962,908.909352129782
Burg2,Standard,35,11.3252,23.6606,65.0142,6.638,0.355066445182723,1.51,0.0584537138416982,0.662,161.43872,33.1,2.2612546733398,42.8454787295553,0.688075860019538,13.2581801239093,0,0.860137996213784,0.406358928052993,2.03959187947099,89.5959556610115,12.1811959161281,84.6994398926472,11.9715803728984,7.6526267842691,448.636168227936
Eis,Pioneer,35,14.9812,28.2378,56.781,6.422,0.855895196506548,1.16,0.207793768189464,3.113,346.89817,14.6839622641509,3.06884615186848,47.3351366533086,5.57503890980275,5.02469094454605,0,0.818039620306251,0.168401843932425,1.33336677998719,177.472342392013,41.2056748577441,157.653027294501,21.8142357238309,13.7097456249094,868.017934364192
Eis,Reference,35,15.1522,31.3775,53.4703,6.205,0.711670480549199,0.93,0.177795963622444,2.694,228.35768,15.5722543352601,4.18119577749569,73.1651701678171,7.51670223799261,17.2197089279943,0,0.905956862849246,0.377678626754185,1.95186314551376,199.238700012219,52.2498592283006,89.1143494057425,26.2137506245418,5.72509860380243,1061.15750887843
Eis,Standard,35,16.371,33.9814,49.6476,6.352,0.878716744913933,1.23,0.126931769592572,2.078,176.64186,17.3166666666667,1.53106473500301,49.7346512806124,2.39214537408962,1.53820194471299,0,1.27773565689925,0.502864145931964,2.76313311073076,140.141308130126,32.5926720222814,81.1232103682525,14.9386230217169,4.48694344256717,1019.65775357626
Fischa,Pioneer,35,22.5934,57.8646,19.542,7.941,0.174942704354468,1.36,0.0608350226172245,1.37447,129.84708,11.5501527435796,2.10859129408722,72.0802197684445,3.27361417248246,6.52830759184278,0,0.742763149830516,0.29194521654274,1.52680531910881,350.174798677458,48.6694887536222,372.502537743088,59.0455498798694,42.1817428093404,212.794000279918
Fischa,Reference,35,21.6014,59.5204,18.8782,7.946,0.328482888709243,1.29,0.0819257085188923,1.76971,204.43945,11.7980420369414,6.2471285343501,121.868174648718,10.4507978315643,2.20806492985884,0,1.46761655009225,0.69631587097648,3.37072462266457,620.853639288138,68.2966335344439,451.338147108428,76.509470640502,55.4628513899928,282.69809602989
Fischa,Standard,35,26.6704,60.3406,12.989,8,0.242893401015228,1.2,0.0458219599256104,1.22209,113.97942,14.3775461224566,1.8038044796445,76.747058323751,8.70157870209495,5.87848959673302,0,0.905319240002204,0.327569645693546,1.77475970450217,213.793585212506,28.6687164503539,214.957899037746,39.6573122521692,23.2439069902081,111.56075023954
Grü,Pioneer,35,21.6502,64.1403,14.2095,7.918,0.171997755331088,1.4,0.0364795706275231,0.78979,116.98323,21.3456839888578,1.37803402696556,36.4198911647823,1.58503669126791,3.95874753060336,0,0.642645085178025,0.313186895821197,1.45872716187215,160.829418844294,21.9570239832884,232.043826638323,37.8793185039426,24.846615928271,178.293708762921
Grü,Reference,35,20.3071,63.6089,16.084,8.002,0.351222610352493,1.2,0.0686946929891516,1.39499,210.39768,15.329532478152,6.54249724489124,87.4618445046383,11.1344394632262,6.01259840192711,0,1.07648193447305,0.517766989508841,2.53863983664057,275.216753041645,62.9685932742928,481.84465828238,83.4195356200609,36.250172554333,426.253659591674
Grü,Standard,35,20.6479,59.3249,20.0272,8.005,0.151848715777591,1.35,0.0410443677080962,0.84748,143.09707,17.2955621357963,2.30692326285848,62.4360654166137,6.80499574829309,1.42828512215784,0,0.933445616027404,0.427953724492851,2.14229526733704,232.212345532433,33.8691099432738,265.326668297273,44.4190578512095,26.4915175903478,217.316533784011
Lack1,Pioneer,35,9.9994,29.7582,60.2424,7.141,0.492490613266583,1.42,0.112006720403224,1.12,308.62092,18.6666666666667,1.07271594084969,21.9621150146327,-0.216927679251135,15.0478774446271,0,0.623443895754251,0.169916000828514,1.19088822996591,168.908132539041,18.5883969089135,93.9859749245129,-29.6072394538247,2.91835071400081,478.30272807201
Lack1,Reference,35,15.4441,25.2278,59.3281,7.732,0.679784366576819,1.08,0.234393716694401,3.62,296.20158,13.4074074074074,5.71995246846895,95.907344932981,4.26152930962466,-26.7578884885285,0,1.10788047452303,0.455136285500588,2.31447297061577,246.985393820334,49.926322198942,359.557189162011,56.4438020600193,40.9791439632463,502.107460318369
Lack1,Standard,35,8.3585,31.3611,60.2804,5.986,0.502024291497979,1.31,0.1232278518873,1.03,173.05435,25.75,2.01918744287814,57.718825656994,1.40420622444078,25.3352177024395,0,0.472457878167874,0.188471910540346,1.11352497659266,38.0909988667134,10.427672093517,14.269269742311,0.898970314270777,-3.51795537051766,336.48761913065
Lack2,Pioneer,35,19.3176,31.8648,48.8176,7.926,0.545845746441575,1.3,0.0336201184412142,0.64946,143.85139,16.2365178137864,1.24520483585256,105.638030502602,20.1461959755601,15.3529061514856,0,0.862799115701436,0.361195189819914,1.83923306352357,142.118039507764,13.4474497408515,110.770113584317,18.8515101018361,7.97574541516702,128.033064317812
Lack2,Reference,35,25.3086,37.6735,37.0179,7.744,0.545688178183896,0.97,0.0612440040144457,1.55,127.61106,25.8333333333333,2.54012364952722,101.370591071108,20.6969792610031,7.37927504358398,0,0.765402632840163,0.336861585847085,1.66298860098864,230.116756530221,35.7243131526776,180.297769231168,40.8512089515565,13.7170842620764,481.747876498683
Lack2,Standard,35,25.7053,34.1606,40.1341,7.812,0.557726465364121,1.37,0.0305995261677553,0.78657,102.39073,19.6641264098093,1.04878910125678,77.4401585869347,16.0229417004335,5.22610851667257,0,0.539025649617166,0.143267871751355,0.962126535224022,86.3083709612168,6.02759653241765,80.4988842508275,10.3176180384996,6.02166667812961,54.2975227223804
Man1,Pioneer,35,20.2066,29.6323,50.1611,7.435,0.390618149934238,1.38,0.0802579355260163,1.62174,134.53015,11.5838407064701,1.78356739598653,61.7116766064298,12.2373607975946,6.14717549534875,0,0.412361178985272,0.166789030303971,0.886411056714307,56.7733736340456,0.740920523583531,42.9497888039536,2.36735946381111,-0.403397725685342,16.0570328052319
Man1,Reference,35,17.8023,26.4058,55.7919,7.374,0.640924741760946,1.26,0.108412957876229,1.93,213.28026,12.0625,7.16999599332043,84.0788075899084,8.99296513146189,4.01205255266167,0,1.56978970347642,0.514844897722526,3.07492920582397,149.259152896117,25.9623102083479,180.732116969662,32.3384924940738,24.4282555992821,137.732518082312
Man1,Standard,35,19.6813,29.2377,51.081,7.202,0.355050284215128,1.42,0.0617520184134178,1.21536,120.88953,12.1536218388098,2.1426004053022,62.1014551538782,9.63880615331609,9.74074864476328,0,0.471163475131227,0.083102245118695,0.74235316821253,74.4388575539558,1.62682873287027,56.5325377912289,3.71612713788932,1.07079933680373,59.7251197755306
Man2,Pioneer,35,30.5155,58.9312,10.5533,7.524,0.596522628483764,1.3,0.0895223738755714,2.73182,188.04197,10.5069813653089,2.84325768170867,178.22089602946,14.9443719302625,10.2144928730178,0,1.12171651811792,0.535708990110457,2.37498537962685,234.952262959248,14.264954679509,141.536682557769,23.6653159563505,13.6210373572912,131.04184502608
Man2,Reference,35,29.8857,44.4619,25.6524,7.605,0.714962385065479,1.24,0.155797588813379,4.65612,340.77381,12.2529449650674,7.01348930786656,195.07818485816,26.6995376814849,9.33270201215371,0,1.83434891102714,1.08699326905648,4.54239321003827,486.128934730288,74.2173926128184,436.963749603014,101.955416365637,33.6971185295984,577.500028805611
Man2,Standard,35,36.821,56.6423,6.5367,7.505,0.524847870182556,1.24,0.0791336465603867,2.91378,180.91634,12.1407538807256,6.20631074148794,109.926780377694,37.6137444395311,-0.987623206214497,0,1.0959040258733,0.474900629240914,2.24022080052387,277.070146271389,22.7693791557617,227.492247054875,46.0601081911853,27.1217460810283,173.615080300215
Moos1,Pioneer,35,36.7557,43.718,19.5263,7.865,0.647434119278779,1.06,0.103448444731021,3.80232,200.42539,14.0826518591979,4.00523208862262,147.285058720187,28.6061128643715,6.35608196276764,0,1.7473767687709,0.989096132146802,4.17846830057955,229.799205354339,16.8942610153704,178.544264018734,30.7908516230214,17.6774212730578,182.517419559222
Moos1,Reference,35,33.5954,42.0285,24.3761,7.514,0.710881153966759,1.07,0.140476077081981,4.71935,326.08253,12.4193466538232,12.4216817001691,217.365377109598,41.070574499428,22.3505118698098,0,2.21948530206995,1.31119396863927,5.38515634239568,424.27685712048,55.2893515639221,396.138581752937,65.6566535658509,42.3588929833401,376.37248220267
Moos1,Standard,35,34.1098,49.1841,16.7061,7.613,0.536878674505612,1.04,0.10890301321028,3.71466,221.85167,13.2666344386969,4.30628927264112,171.290765735253,34.1058706031997,1.54328701998879,0,1.82997465568118,1.07572511850165,4.48873991023503,410.917970925434,37.7879184738147,374.510100516661,74.8283039192149,38.3296803229444,330.34963747542
Ro1,Pioneer,35,12.9595,45.3769,41.6636,6.574,0.480309164519691,1.36,0.124233188008797,1.61,169.86645,14.6363636363636,3.46020837007281,77.3545210723862,16.956207557336,12.6497004087243,0,0.427390526468981,0.32172511761042,1.35630183581362,118.680996648484,9.03352140053831,128.963567349186,8.37783004869518,5.20709845934548,340.553657342353
Ro1,Reference,35,15.3217,43.9435,40.7348,6.478,0.578781925343811,1.01,0.0992057017171724,1.52,339.99255,19,5.23487934377452,80.0306214754726,12.2073797861122,28.8875416292196,0,0.826828758974536,0.656073529039611,2.57090409222257,202.067756919761,33.2059712803974,187.676110696905,16.5077479033845,12.2412322036971,955.21924450996
Ro1,Standard,35,11.4952,42.8678,45.637,5.877,0.609199700822738,1.4,0.154847240587376,1.78,176.91575,14.8333333333333,4.55146588242086,58.6693872276411,11.4487771663958,8.18504222953734,0,1.44662917108848,0.313231590330327,2.31787802626106,137.096053159929,22.8078268906539,147.197504340986,13.6632365978646,7.60009349645628,785.11637704187
Ro2,Pioneer,35,26.0635,57.352,16.5845,6.875,0.391316848763657,1.46,0.0425882939743319,1.11,115.55092,18.5,2.09741142449434,75.6733482653175,13.9833359337071,13.9794021998158,0,0.916813401592581,0.428023743932401,2.17452147241148,70.2052340778818,7.23478289258079,63.6947196812059,8.69039280193773,4.1490560818793,133.893510777632
Ro2,Reference,35,22.8937,57.9718,19.1345,6.896,0.401006214856465,1.39,0.050057439382887,1.146,274.7753,19.1000658781547,2.94918767836169,74.0632028685851,9.24997118630298,22.8086451535224,0,0,0,0,123.809744716861,31.237437458207,195.687523495433,24.033249748599,21.7586356166834,364.832184899845
Ro2,Standard,35,30.7183,54.4567,14.825,6.461,0.495549813379271,1.45,0.0432966668077335,1.33,141.98355,16.625,4.28624290798256,52.2981354160106,2.02672468280347,11.2786309443524,0,0.413867167057949,0.264399931748403,1.2357996803977,102.80738656208,2.86392892424719,24.1866018456044,1.74123130884204,0.593293189493422,115.801171128407
Sb,Pioneer,35,27.0708,46.8689,26.0603,7.025,0.353549468977082,1.31,0.0432200008865641,1.17,112.75814,16.7142857142857,2.09385055113828,92.4859190486356,19.0428473954384,6.73211124656736,0,0.602772553628109,0.387170129100487,1.61435159869,216.674444631465,80.811488270783,772.197993189379,106.840241134557,65.2677542136002,624.833279542492
Sb,Reference,35,28.7257,45.0114,26.2629,7.954,0.370818105144786,1.36,0.0394159237198745,1.13225,101.12455,12.5805451592167,8.06863719905181,175.4647125846,30.6152527341456,15.4335471646573,0,1.36285342548655,0.789347937769733,3.41285066156341,440.593834843127,82.1587989505731,685.358010504797,113.095027950653,67.6130645684872,652.1843482235
Sb,Standard,35,30.4039,43.0989,26.4972,7.546,0.382635746606335,1.33,0.0371662845884903,1.13,126.56938,16.1428571428571,2.05016770618728,84.9489906979794,15.8438664486643,9.15000496511456,0,0.365948787485176,0.269646196267139,1.06306300144451,198.399137693173,41.8924435795191,347.880879585173,58.7485941395888,30.5597212076924,330.867623465349
Schach1,Pioneer,35,47.6596,37.7524,14.588,7.887,0.85309829059829,1.1,0.0629925555397024,3.0022,178.96319,10.7221498822952,2.17556423906307,62.9364466095433,5.0490057404965,11.11550603591,0,0.708212059096899,0.323103308007388,1.71246054081877,109.910505048554,4.00895972774389,25.7130294759947,2.72964279322271,0.92737182311203,178.554960170307
Schach1,Reference,35,47.8178,34.8036,17.3786,7.88,0.78139162889896,0.99,0.0808242955552117,3.86484,306.66328,11.0423900443477,1.96717788658019,58.4860222322751,11.7759037383427,10.0844967972418,0,0.711154115814337,0.406798395570101,1.96039404375668,107.359918005961,10.7111260092173,41.2628708510166,5.78477323153509,1.13236467051945,268.220427387398
Schach1,Standard,35,46.2551,41.4519,12.293,7.904,0.780442312816414,1.14,0.0674124583018954,3.11817,158.99167,12.4726921629572,2.4059415668322,54.2627268329473,2.53424936055504,18.8987833574219,0,0.509244837589487,0.297503738035104,1.46339286029217,52.4040395275662,3.16747338829885,21.5702776374838,2.33320897045244,0.709213822545019,50.8422706188243
Schach2,Pioneer,35,18.736,72.3516,8.9124,7.85,0.116019294237115,1.36,0.067718830059778,1.26878,149.64349,21.1463119900414,3.41894408253394,138.74638373661,18.4967944201257,14.1349883794487,0,1.15660192476996,0.78123498307943,3.35116979715808,167.747764615218,10.7352154412785,142.023023652528,25.7629451604336,15.2094449890421,60.446509765875
Schach2,Reference,35,20.6782,71.1735,8.1483,7.861,0.460867333846549,0.93,0.10942635239044,2.26274,277.36154,13.3102561377745,5.77638521079013,177.574558564604,29.9881433007562,-10.2296330230757,0,1.30852207452957,0.59377566222019,2.83377692509152,189.123825517097,28.4932939308682,159.591092440011,24.8420209608579,19.176418333923,177.763634171611
Schach2,Standard,35,20.5396,70.3831,9.0773,7.897,0.10851334180432,1.19,0.0583351185027946,1.19818,113.35082,14.9772155605869,3.49373965588234,154.613346616812,25.3124752127974,18.2351284570476,0,1.30233221001193,0.780452447871925,3.39379691239993,243.9109810465,44.4637667223028,580.263854235888,104.767938945751,60.0607620512994,513.253986123734
St,Pioneer,35,19.7371,59.8507,20.4122,7.643,0.172537927487786,1.4,0.0866064416758288,1.70936,160.49133,24.4194965341648,5.79711289505133,53.1448266299722,6.30831982334585,6.15689842185187,0,0.464854949224012,0.378182151333214,1.38653496660085,147.663080153415,8.62981522182945,59.7418818372064,10.5990369429335,4.82690525840178,32.1050110023594
St,Reference,35,22.5651,58.6786,18.7563,7.803,0.534811758638473,1.35,0.0719358655623064,1.62324,10,20.2905425617377,3.96899571774175,99.8720450718087,18.0685877223323,18.0235715015982,0,0.801019153431743,0.56754903483795,2.29200044365961,233.324739135463,43.0058800384587,293.17383956446,44.6703436981192,26.8517158756179,140.413480911427
St,Standard,35,19.579,59.4681,20.9529,7.929,0.308853633572158,1.21,0.0880182848970836,1.72331,153.67551,19.147855829421,1.78749569077624,78.9434494005568,14.9805932612759,10.9188306577827,0,0.377546422154036,0.29800911988939,1.12531279082378,194.426253880417,22.8963209959117,214.835790879205,27.2277595650198,21.6642333463951,116.205915471416
Ther,Pioneer,35,15.6213,24.6659,59.7128,7.721,0.774298056155507,1.299,0.271149008085115,4.2357,329.05042,9.41267010928668,6.38255351398224,183.78468785737,24.1638984620684,19.1372382680826,0,1.22316977767521,0.665063029627608,2.82842642489804,167.021520749913,12.6957862961225,161.469002961568,30.4484505931338,16.2670773762937,83.0787054975379
Ther,Reference,35,21.5154,23.1983,55.2863,7.85,0.89447852760736,1.125,0.283422571739312,6.09795,527.5623,9.38145957288951,34.8525806542833,384.628289694172,44.096756372546,7.30038743714523,0,3.50670450407039,2.0021748276357,8.54824755111958,344.148043971418,30.2525338726044,328.12983709624,69.2413245243229,37.6882417389515,200.062509060475
Ther,Standard,35,18.4727,23.9776,57.5497,7.755,0.749323715058615,1.324,0.186589399492224,3.44681,161.29504,8.01583879366893,3.51789980309754,152.635097144746,21.149981238678,13.9205344052098,0,1.46414795209361,0.929352454911776,3.62263105226451,253.082310074658,25.8774638244444,345.035855940039,73.7503867945716,31.8211613260857,185.209216806899
Um,Pioneer,35,27.6468,64.7581,7.5951,7.355,0.612302920651331,1.16,0.0503193859687197,1.39117,165.63238,13.9116718955937,2.28471243669478,90.2355330718203,11.9227400656971,14.1298737568375,0,0.619364873405761,0.503750777584449,1.97255932145424,155.131175189665,7.2572421359792,64.2309779553336,9.45916195066291,7.66305670933388,96.1975757521235
Um,Reference,35,23.6421,54.6599,21.698,7.628,0.55533199195171,0.79,0.130699049576814,3.09,342.35878,14.0454545454545,14.7750892743513,168.773577742741,28.0796031611516,26.262053317053,0,1.05493895507449,0.739568789726641,3.06580998228259,364.824033655691,49.2228931530875,395.811308511513,65.8885979288214,43.1670519871013,444.101357992581
Um,Standard,35,24.1071,67.5657,8.3272,7.368,0.331177231565331,1.32,0.0371011029945535,0.8944,153.231,9.93781230003373,2.96631012373605,65.1901271408257,6.9845127589157,10.1311236968745,0,0.785421594902041,0.662392093171668,2.61589335628021,48.252235411787,5.30137664156878,33.6623423664018,3.8929826688498,1.77812010658953,117.88988841756
